data_base,faixa,carteira_ativa,carteira_inadimplida_arrastada,inadimplencia
2012-06-01,Faixa1,3922136547.76,79119316.6,0.02017250435739837
2012-06-01,Faixa2,2055488969.03,48959978.95,0.023819139721827146
2012-06-01,Faixa3,6553745616.389999,94487619.14999999,0.014417346152969333
2012-06-01,Sem Renda,8810133042.16,172235843.71,0.019549743787725202
2012-06-01,alta,188809349048.75,2333938098.6400003,0.01236134815568579
2012-06-01,indisponivel,811586437.28,82818520.46,0.10204522482850133
2012-07-01,Faixa1,54154185159.22,841812430.9499999,0.01554473451082252
2012-07-01,Faixa2,34855415381.88,492706474.91,0.014135722369446768
2012-07-01,Faixa3,41464007175.07,533040154.46999997,0.012855490599820447
2012-07-01,Sem Renda,1179242189.83,45945615.449999996,0.03896198409982561
2012-07-01,alta,84523972426.32,764382868.67,0.009043385523986305
2012-07-01,indisponivel,755732277.43,43838962.51,0.05800858825175772
2012-08-01,Faixa1,53349019912.380005,875821162.52,0.016416818227559596
2012-08-01,Faixa2,37092187378.6,538618607.23,0.014521079647644375
2012-08-01,Faixa3,43708577167.69,545231536.6,0.012474245832990484
2012-08-01,Sem Renda,1207918075.51,47113677.32,0.0390040336966627
2012-08-01,alta,87900124789.34,767598075.09,0.008732616443146275
2012-08-01,indisponivel,774501182.47,44996600.42,0.05809752320390153
2012-09-01,Faixa1,54875795708.479996,933376816.19,0.017008898078643527
2012-09-01,Faixa2,37355546811.14,553337967.89,0.014812739074267441
2012-09-01,Faixa3,43278381240.729996,589439407.67,0.01361971937885858
2012-09-01,Sem Renda,1099088427.91,34005206.19,0.030939463401196455
2012-09-01,alta,89705042302.55,871356753.79,0.009713576086962397
2012-09-01,indisponivel,763791048.71,40930726.21,0.05358890534149318
2012-10-01,Faixa1,61256169116.11,972004642.04,0.0158678653279408
2012-10-01,Faixa2,37972215805.82,538270964.4399999,0.014175389900673092
2012-10-01,Faixa3,44390387958.57,580064987.7,0.013067355668109515
2012-10-01,Sem Renda,1065748436.91,31560948.36,0.029613881913359306
2012-10-01,alta,87809114849.91,856360629.4100001,0.00975252547385037
2012-10-01,indisponivel,746052193.42,38560578.12,0.051686166812583596
2012-11-01,Faixa1,64170680835.57,1007836689.39,0.015705563292564492
2012-11-01,Faixa2,39035676996.659996,565321873.92,0.014482184437799568
2012-11-01,Faixa3,45769493475.65,604009007.63,0.013196759714007782
2012-11-01,Sem Renda,1072762397.85,35505104.2,0.03309689477479666
2012-11-01,alta,88041043266.29999,898758190.61,0.010208400051456719
2012-11-01,indisponivel,736561833.3199999,37625288.050000004,0.05108232105973602
2012-12-01,Faixa1,67455304826.95,969057140.51,0.014365914482130376
2012-12-01,Faixa2,40033258953.39,541901773.08,0.013536289256663479
2012-12-01,Faixa3,46890492578.36,564078073.78,0.012029689661232572
2012-12-01,Sem Renda,1117761175.79,29088302.17,0.026023718483012496
2012-12-01,alta,89447543540.07,886017187.9100001,0.009905439018714797
2012-12-01,indisponivel,724530794.65,39344306.03,0.054303152220060026
2013-01-01,Faixa1,70784243592.15,1000481454.4200001,0.01413423953761023
2013-01-01,Faixa2,41056647149.52,558008602.89,0.013591187825392698
2013-01-01,Faixa3,48036384317.21,572980699.5,0.01192805636070153
2013-01-01,Sem Renda,1125454164.42,30111845.72,0.026755283930659284
2013-01-01,alta,89509452848.28,879940614.3199999,0.009830700404475869
2013-01-01,indisponivel,633162656.03,22574017.33,0.03565279334624943
2013-02-01,Faixa1,73378125558.22,1220722376.08,0.016636052867164738
2013-02-01,Faixa2,41960740916.56,655325318.49,0.015617582153592834
2013-02-01,Faixa3,48770611292.25,652417520.86,0.013377267653064538
2013-02-01,Sem Renda,1138954043.61,27694521.7,0.02431574992457127
2013-02-01,alta,90244916353.42,962608940.0,0.010666627871094705
2013-02-01,indisponivel,623627000.32,22350089.98,0.0358388747897887
2013-03-01,Faixa1,65617747098.66,1479825193.31,0.022552209710659507
2013-03-01,Faixa2,39245010062.44,683292204.53,0.017410932076278265
2013-03-01,Faixa3,49427102904.28,693668907.64,0.014034180983323093
2013-03-01,Sem Renda,905489324.73,27712601.419999998,0.030605111140612703
2013-03-01,alta,107251429970.1,1107971040.12,0.010330594570430292
2013-03-01,indisponivel,602071733.02,19549593.900000002,0.03247053935241068
2013-04-01,Faixa1,59138454436.89,1272239537.67,0.02151289799140218
2013-04-01,Faixa2,44000245891.2,792013480.94,0.0180002057919954
2013-04-01,Faixa3,53013488430.45,749096430.91,0.014130298780333278
2013-04-01,Sem Renda,911686798.16,27040392.439999998,0.029659738952646807
2013-04-01,alta,112644450692.12,1219732893.57,0.010828166732365502
2013-04-01,indisponivel,599376909.58,19555967.53,0.03262716200346024
2013-05-01,Faixa1,63296248608.89,1331415100.17,0.021034660496183053
2013-05-01,Faixa2,45157094399.840004,859266217.1800001,0.019028377015839277
2013-05-01,Faixa3,54165306578.03,798155079.07,0.014735540690057497
2013-05-01,Sem Renda,943889944.02,24617661.35,0.02608107174566782
2013-05-01,alta,115160544213.5,1299330876.5,0.011282778189126362
2013-05-01,indisponivel,589142481.3100001,20570111.330000002,0.03491534218388207
2013-06-01,Faixa1,66523178360.5,1200677239.39,0.018049005910140574
2013-06-01,Faixa2,45897023931.74,764117328.89,0.016648515817200428
2013-06-01,Faixa3,55036255829.47,723348743.08,0.0131431314172479
2013-06-01,Sem Renda,1646700179.01,32128959.67,0.019511116886691545
2013-06-01,alta,118115894053.45999,1207725000.62,0.01022491520127999
2013-06-01,indisponivel,578550448.03,19780404.28,0.03418959288226896
2013-07-01,Faixa1,67902043641.43001,1219907495.26,0.017965696315444635
2013-07-01,Faixa2,47060209899.99,778192880.98,0.016536111560780893
2013-07-01,Faixa3,56641396393.48,742685701.83,0.013112065540733926
2013-07-01,Sem Renda,1645421149.58,30384426.76,0.018466048505427164
2013-07-01,alta,122117870366.36,1230274039.01,0.010074479970205127
2013-07-01,indisponivel,566498700.49,19972325.27,0.03525573007091577
2013-08-01,Faixa1,69141551775.20999,1271412101.93,0.018388538719286484
2013-08-01,Faixa2,48208596573.06,845154441.75,0.01753119779102407
2013-08-01,Faixa3,58386856417.17,790020022.18,0.013530785362639876
2013-08-01,Sem Renda,1630448771.0,34723043.15,0.021296617083346556
2013-08-01,alta,125999131630.51,1215702724.01,0.009648500813283575
2013-08-01,indisponivel,557094052.5699999,18965065.12,0.03404284255505852
2013-09-01,Faixa1,72223555066.42001,1420240259.5900002,0.019664502229001103
2013-09-01,Faixa2,48709393284.52,940782915.15,0.0193141990017146
2013-09-01,Faixa3,58432161460.53,881547481.0699999,0.015086682728063574
2013-09-01,Sem Renda,1599542659.84,38037941.52,0.02378051081413789
2013-09-01,alta,127277824027.78,1369998472.3400002,0.010763842663125515
2013-09-01,indisponivel,548730249.62,17314052.66,0.03155294003199225
2013-10-01,Faixa1,75939462404.06,1507510458.01,0.01985147656153809
2013-10-01,Faixa2,49289607823.01,988838673.0400001,0.02006180849705154
2013-10-01,Faixa3,58764411236.49,920178650.26,0.015658774263165108
2013-10-01,Sem Renda,1530848347.96,34585154.33,0.02259214923286685
2013-10-01,alta,125667472641.0,1462764327.8,0.01163995978481039
2013-10-01,indisponivel,540297666.88,17498678.18,0.03238710668703749
2013-11-01,Faixa1,79703666118.27,1449238481.1399999,0.018182833384219943
2013-11-01,Faixa2,49793789249.62,959129774.6,0.019262036271066065
2013-11-01,Faixa3,59520359068.68,928824898.53,0.015605162889864918
2013-11-01,Sem Renda,2951640789.58,42529092.17,0.014408627337085833
2013-11-01,alta,126932555827.95001,1527146173.85,0.012031162249029014
2013-11-01,indisponivel,530873850.87,19075079.97,0.03593147400034795
2013-12-01,Faixa1,84265097358.52,1244804258.36,0.014772477542674295
2013-12-01,Faixa2,50235625017.19,801565059.55,0.01595610802643969
2013-12-01,Faixa3,60052217757.409996,842902421.17,0.014036158074544917
2013-12-01,Sem Renda,3138580354.6,46634926.52,0.014858605245409894
2013-12-01,alta,128573257384.15,1475572405.1,0.01147651101886062
2013-12-01,indisponivel,521660845.64,17444682.94,0.03344065993413398
2014-01-01,Faixa1,88282436671.98,1349916700.17,0.015290886285634782
2014-01-01,Faixa2,50851826544.700005,874888667.15,0.0172046655272245
2014-01-01,Faixa3,61216800016.15,902268627.39,0.014738905450006643
2014-01-01,Sem Renda,1140655517.79,32149119.17,0.028184775042589857
2014-01-01,alta,130970242719.9,1582665361.0500002,0.012084159944902702
2014-01-01,indisponivel,512070761.39,17175496.1,0.033541255222965
2014-02-01,Faixa1,82510924583.39001,1724976925.06,0.020906042851533493
2014-02-01,Faixa2,50509507399.74,878282861.97,0.017388466195465628
2014-02-01,Faixa3,71411418337.27,1047849604.67,0.014673418188126388
2014-02-01,Sem Renda,6926892085.99,157287035.36,0.022706725239465077
2014-02-01,alta,127906851533.01001,1406930650.3,0.010999650397437086
2014-02-01,indisponivel,503924703.24,16113605.24,0.03197621616165482
2014-03-01,Faixa1,94251057801.42,1925493164.1100001,0.02042940640694847
2014-03-01,Faixa2,50067760878.21,853290626.56,0.017042715943212088
2014-03-01,Faixa3,71162538170.03,1060575368.5600001,0.01490356296772253
2014-03-01,Sem Renda,417569056.31,19837423.44,0.047506928830647964
2014-03-01,alta,129469670263.90001,1472646409.72,0.011374450917487334
2014-03-01,indisponivel,498781058.43,15989094.39,0.03205633838688352
2014-04-01,Faixa1,98455987227.95999,2223798918.4700003,0.02258673119920203
2014-04-01,Faixa2,50786086438.74,993911822.24,0.019570553510534664
2014-04-01,Faixa3,72236420170.33,1199525393.02,0.016605548699555942
2014-04-01,Sem Renda,440514988.05,19662372.740000002,0.04463496878287431
2014-04-01,alta,130245404808.76999,1616833571.63,0.012413747525326374
2014-04-01,indisponivel,491532409.6,19603765.16,0.039882955380202055
2014-05-01,Faixa1,96934509689.86,2283732041.02,0.023559535694013974
2014-05-01,Faixa2,52131728472.68,951174325.87,0.01824559349434327
2014-05-01,Faixa3,74838207416.73,1134650687.33,0.015161382487581471
2014-05-01,Sem Renda,444626059.96,22377590.75,0.05032901299580407
2014-05-01,alta,136292374341.98999,1588672697.12,0.011656357920169783
2014-05-01,indisponivel,485871557.45,21149784.14,0.04352957858039772
2014-06-01,Faixa1,99923260032.05,1987958685.8000002,0.019894854162708163
2014-06-01,Faixa2,53046989116.17,855030804.34,0.01611836635002091
2014-06-01,Faixa3,76066791109.14,1040473520.99,0.01367842005451679
2014-06-01,Sem Renda,450079476.24,25409572.81,0.05645574648787278
2014-06-01,alta,139013328846.72,1530947093.0700002,0.011012951821030525
2014-06-01,indisponivel,475741569.29,18433769.06,0.038747442413978414
2014-07-01,Faixa1,97866028588.94,2022769329.31,0.02066875869466513
2014-07-01,Faixa2,54470125843.33,915905797.09,0.016814827998091635
2014-07-01,Faixa3,78309305208.36,1118915088.06,0.014288405255069851
2014-07-01,Sem Renda,456441027.06,23395197.2,0.05125568433383763
2014-07-01,alta,145652168890.66,1650742296.46,0.011333454963511048
2014-07-01,indisponivel,467926713.37,16528911.48,0.03532371845359943
2014-08-01,Faixa1,89872339711.55,1830550827.13,0.02036834506595966
2014-08-01,Faixa2,55174907297.72,931354765.16,0.016880042228879042
2014-08-01,Faixa3,79158966841.91,1121767127.27,0.014171068320160168
2014-08-01,Sem Renda,14930464425.76,326762992.41,0.02188565493289181
2014-08-01,alta,148219778061.96,1697648350.0,0.011453588530474899
2014-08-01,indisponivel,462198205.62,15447909.25,0.03342269412162241
2014-09-01,Faixa1,106393952682.26999,2212199844.78,0.02079253368268413
2014-09-01,Faixa2,55959315651.96,940168055.1,0.016800921243343873
2014-09-01,Faixa3,79766160383.46,1054641629.42,0.01322166723771107
2014-09-01,Sem Renda,485738855.87,21858622.2,0.04500076931430435
2014-09-01,alta,150629735267.61,1535238221.92,0.010192132510838472
2014-09-01,indisponivel,457997232.51,15746916.51,0.034382121533138695
2014-10-01,Faixa1,110871840620.88,2598148201.71,0.023433796960169725
2014-10-01,Faixa2,56876351390.36,1117101881.02,0.01964088507283078
2014-10-01,Faixa3,81058334303.96,1229815246.55,0.015171977775145557
2014-10-01,Sem Renda,442011718.49,21054437.99,0.047633212218730646
2014-10-01,alta,153229572725.09,1730882816.21,0.011296010198471193
2014-10-01,indisponivel,452588220.17,14358596.34,0.03172551935754461
2014-11-01,Faixa1,115017784882.74,2500563212.68,0.021740665717300243
2014-11-01,Faixa2,57388802961.85,1065410415.6,0.018564778504061956
2014-11-01,Faixa3,82149068390.62,1192988182.65,0.014522236295819257
2014-11-01,Sem Renda,453697541.46,22754639.1,0.05015376329079393
2014-11-01,alta,155735568806.45,1752036190.15,0.011250070896311755
2014-11-01,indisponivel,447264957.90999997,14000223.04,0.031301855404503136
2014-12-01,Faixa1,120036100611.89,2050945285.55,0.017086070566231362
2014-12-01,Faixa2,58163759908.21,868106548.14,0.014925213732915226
2014-12-01,Faixa3,83193874308.43,1016418005.4,0.012217462088996699
2014-12-01,Sem Renda,462101767.7,21632446.91,0.04681316632409844
2014-12-01,alta,157566142569.4,1555160500.23,0.009869890033926734
2014-12-01,indisponivel,439880311.12,11839464.09,0.026915194407894687
2015-01-01,Faixa1,125403786837.98,2428147982.38,0.019362636835816883
2015-01-01,Faixa2,58802665795.12,1002728870.93,0.017052438990159114
2015-01-01,Faixa3,84832566725.72,1193709267.82,0.014071356247884042
2015-01-01,Sem Renda,1070780768.95,27060673.11,0.02527190802701425
2015-01-01,alta,156799343312.8,1847677421.64,0.011783706376588944
2015-01-01,indisponivel,433532595.4,10419731.05,0.024034481283664977
2015-02-01,Faixa1,128808824699.62,2671690293.94,0.02074151596499958
2015-02-01,Faixa2,59220994783.4,1093968789.7,0.018472651357870233
2015-02-01,Faixa3,85503055618.76,1288292810.29,0.015067213691569393
2015-02-01,Sem Renda,1078163147.58,28424812.5,0.026364110630011005
2015-02-01,alta,157258700773.41,2059753633.19,0.013097867546024343
2015-02-01,indisponivel,429497537.67,10262975.65,0.023895307306477393
2015-03-01,Faixa1,133721560222.14,2524072417.13,0.018875583061826216
2015-03-01,Faixa2,59874079067.87,1013250175.9399999,0.016923018971054814
2015-03-01,Faixa3,86375562062.06999,1228393982.3,0.014221545457698657
2015-03-01,Sem Renda,975235096.03,29652323.44,0.03040530797210752
2015-03-01,alta,158645163428.43,2073457762.0900002,0.013069782382779066
2015-03-01,indisponivel,425132067.91,10823718.58,0.025459661589892976
2015-04-01,Faixa1,127575523082.81,2951224692.96,0.02313315769079264
2015-04-01,Faixa2,63371611016.06,1109063707.64,0.0175009549206337
2015-04-01,Faixa3,90555490185.12,1308722981.59,0.014452166057680378
2015-04-01,Sem Renda,983506309.07,32091095.77,0.03262927291269257
2015-04-01,alta,165117213555.93,2144720413.35,0.012989078286641028
2015-04-01,indisponivel,421878900.7,10709370.07,0.02538493878748272
2015-05-01,Faixa1,126585175314.56,3045857416.82,0.024061722940708852
2015-05-01,Faixa2,64428537984.37,1171774280.04,0.01818719338818872
2015-05-01,Faixa3,92040837820.35,1402115634.55,0.015233625288013138
2015-05-01,Sem Renda,998453145.82,31240300.01,0.03128869906493536
2015-05-01,alta,168981385840.61,2261082820.21,0.013380662070926226
2015-05-01,indisponivel,418807035.21999997,10922480.56,0.0260799834803692
2015-06-01,Faixa1,129618345124.8,2670261464.14,0.02060095321822695
2015-06-01,Faixa2,64963074289.29,1015793361.0,0.015636473059703497
2015-06-01,Faixa3,92605583709.02,1269791302.75,0.013711822245404402
2015-06-01,Sem Renda,1036499668.45,32581367.15,0.03143403528408528
2015-06-01,alta,170316087216.97003,2129598532.0099998,0.012503801413057649
2015-06-01,indisponivel,413863916.46999997,9810937.76,0.023705709460445732
2015-07-01,Faixa1,140294713198.0,2975797487.02,0.021211045086354845
2015-07-01,Faixa2,62776010108.020004,982764107.19,0.015655090304384386
2015-07-01,Faixa3,93574835946.1,1320722530.04,0.014114077964301735
2015-07-01,Sem Renda,2576918199.58,36683968.57,0.014235596836554204
2015-07-01,alta,165209841961.53,2217513436.81,0.013422405169580393
2015-07-01,indisponivel,411519986.2,8756291.73,0.021277925796159062
2015-08-01,Faixa1,133639215585.04999,2816262668.47,0.021073624655314503
2015-08-01,Faixa2,66679934241.56,1077957283.41,0.01616614196866042
2015-08-01,Faixa3,93679570477.46,1351376300.0,0.014425517678106254
2015-08-01,Sem Renda,1603200265.47,35124635.51,0.02190907540780798
2015-08-01,alta,174061074472.91,2399382804.05,0.013784717871676865
2015-08-01,indisponivel,407238432.51,9880773.42,0.02426287067038392
2015-09-01,Faixa1,136589227953.29999,2749586314.14,0.020130330592981215
2015-09-01,Faixa2,66869828893.04,1063521889.73,0.01590436086551276
2015-09-01,Faixa3,93640810020.12,1367052652.45,0.014598898195736136
2015-09-01,Sem Renda,2248360163.2599998,37978126.53,0.016891478131748155
2015-09-01,alta,174712005267.87,2491170561.15,0.014258725708805845
2015-09-01,indisponivel,406406078.36,8721898.3,0.021461042943048764
2015-10-01,Faixa1,139354238053.47,3282645364.2000003,0.02355612150769648
2015-10-01,Faixa2,67442061662.65,1293626263.83,0.01918129772338234
2015-10-01,Faixa3,94187101071.46,1609053322.83,0.017083584742768616
2015-10-01,Sem Renda,1858253739.53,34263087.46,0.01843832558015786
2015-10-01,alta,175839075682.08002,2851964220.09,0.01621917204140904
2015-10-01,indisponivel,403990805.21,9227602.33,0.022841119676482155
2015-11-01,Faixa1,142153311681.53,3379994887.75,0.023777109711818012
2015-11-01,Faixa2,67650922776.909996,1352573587.52,0.01999342406577857
2015-11-01,Faixa3,94386858230.36,1691471181.2,0.017920621714855745
2015-11-01,Sem Renda,2118631526.11,36857557.86,0.017396870293756944
2015-11-01,alta,176189455106.01,2973153335.69,0.0168747518624262
2015-11-01,indisponivel,369526117.01,10226262.93,0.0276739923357657
2015-12-01,Faixa1,145758221002.36,3094037386.56,0.021227189555983288
2015-12-01,Faixa2,67806883530.78,1233741623.1200001,0.01819493182517318
2015-12-01,Faixa3,94560234455.16,1546309914.44,0.01635264467510656
2015-12-01,Sem Renda,2764711257.74,36413781.63,0.013170916683634543
2015-12-01,alta,177116337938.35,2562626355.16,0.014468605126941984
2015-12-01,indisponivel,366130968.74,12325664.95,0.03366463370311842
2016-01-01,Faixa1,150414682726.48,3278417558.1,0.021795861272809407
2016-01-01,Faixa2,69530495260.4,1330940112.41,0.0191418183837965
2016-01-01,Faixa3,96354648023.73,1638339480.61,0.017003222098912276
2016-01-01,Sem Renda,1589696458.99,36836097.59,0.023171780613642116
2016-01-01,alta,172974611364.69,2684093780.61,0.01551727019031138
2016-01-01,indisponivel,363033191.57,12425533.0,0.03422698884987245
2016-02-01,Faixa1,152397815839.4,3402492204.5699997,0.022326384310885513
2016-02-01,Faixa2,69743196369.26,1363554819.95,0.01955108011870532
2016-02-01,Faixa3,96615510221.79,1716600696.21,0.017767340795172344
2016-02-01,Sem Renda,3514968438.29,45730031.0,0.013010082964570584
2016-02-01,alta,171717960026.0,2886201404.46,0.016807801606908195
2016-03-01,Faixa1,155399191499.7,3254114379.11,0.020940355916306566
2016-03-01,Faixa2,69823932954.25,1310825152.78,0.0187732930145725
2016-03-01,Faixa3,96969128352.07,1646885963.09,0.01698361108404089
2016-03-01,Sem Renda,4266257248.11,50809059.410000004,0.011909516106303478
2016-03-01,alta,171945737840.55,2793114467.67,0.016244162273217448
2016-04-01,Faixa1,165723707098.88,3684918442.4399996,0.022235312659530188
2016-04-01,Faixa2,69495200725.76,1238973812.22,0.017828192440355755
2016-04-01,Faixa3,101277259259.45,1687042719.79,0.016657665621343173
2016-04-01,Sem Renda,2943209269.4500003,52829915.67,0.017949765318547115
2016-04-01,alta,159461373933.5,2728181623.76,0.017108730198811224
2016-05-01,Faixa1,168746290919.08,3670527402.01,0.02175175159121069
2016-05-01,Faixa2,69397318593.95999,1229078571.32,0.01771075015896901
2016-05-01,Faixa3,101145039518.95999,1708849628.63,0.016895041385689213
2016-05-01,Sem Renda,3521349117.77,49076620.97,0.013936880249203818
2016-05-01,alta,159527771799.38,2717571107.7,0.017035097256404865
2016-06-01,Faixa1,174127824026.78998,2857903067.37,0.01641267318042351
2016-06-01,Faixa2,69529495374.92,961907886.49,0.013834529954563284
2016-06-01,Faixa3,101237395005.7,1378304513.32,0.013614579012452829
2016-06-01,Sem Renda,2009663122.4,36422912.6,0.01812388961812797
2016-06-01,alta,159715553417.2,2248418348.48,0.014077641784872433
2016-07-01,Faixa1,174997539853.28,3076451933.36,0.017579972472409233
2016-07-01,Faixa2,70643367689.6,1065917763.47,0.015088716723607199
2016-07-01,Faixa3,101874844333.33,1493213050.44,0.014657328413227045
2016-07-01,Sem Renda,3944163566.44,53057104.32,0.013452054770611177
2016-07-01,alta,159395123695.9,2318327331.49,0.014544531085612078
2016-08-01,Faixa1,178660547819.33002,3072863605.65,0.017199452498922286
2016-08-01,Faixa2,71050745602.68,1065189357.7,0.014991951860105768
2016-08-01,Faixa3,102892123267.56,1499517532.54,0.014573686351487416
2016-08-01,Sem Renda,278254909.78,13357789.48,0.0480055841263007
2016-08-01,alta,162608457074.84,2421147930.87,0.014889434254675172
2016-09-01,Faixa1,181328030388.2,3447359757.6800003,0.01901173111680332
2016-09-01,Faixa2,71115181698.42,1145710406.21,0.016110630372409705
2016-09-01,Faixa3,103029932818.46,1585395650.2,0.01538771895535918
2016-09-01,Sem Renda,625524278.71,16567037.84,0.026485043672750327
2016-09-01,alta,163074831979.0,2474223206.5699997,0.015172317987662366
2016-10-01,Faixa1,183486888023.5,3597355120.04,0.019605516006022568
2016-10-01,Faixa2,70370155985.70999,1183548059.4,0.01681889208317717
2016-10-01,Faixa3,100919071105.39,1648266541.81,0.01633255760042333
2016-10-01,Sem Renda,278190254.98,16193608.08,0.05821055119692892
2016-10-01,alta,160694636372.78,2573966619.8900003,0.016017750672890557
2016-11-01,Faixa1,187476823256.02997,3488939381.8999996,0.01860997706972711
2016-11-01,Faixa2,70408835211.14,1138847899.01,0.01617478680899713
2016-11-01,Faixa3,100874651247.2,1609568457.09,0.015956124132173167
2016-11-01,Sem Renda,316593926.89,16540685.35,0.05224574429612174
2016-11-01,alta,160873967284.78003,2516799290.25,0.01564454046063741
2016-12-01,Faixa1,178470863596.13,2885802167.75,0.016169598272804998
2016-12-01,Faixa2,70476732164.71,931503887.3100001,0.013217183298638161
2016-12-01,Faixa3,100786067178.17,1368217838.85,0.013575466105163714
2016-12-01,Sem Renda,15472385522.019999,23029542.27,0.0014884286742483763
2016-12-01,alta,160436667366.59998,2202510238.5099998,0.013728222323873343
2017-01-01,Faixa1,197775210895.43,3221794300.6800003,0.01629018260728067
2017-01-01,Faixa2,70941018709.06,1022595263.83,0.014414724829704238
2017-01-01,Faixa3,101852583812.33,1464083299.5,0.01437453272857239
2017-01-01,Sem Renda,427672924.04,17166420.27,0.04013913274620685
2017-01-01,alta,157321379987.03,2346105408.69,0.01491281991604332
2017-02-01,Faixa1,208604659144.58002,3811066363.57,0.018269325235581727
2017-02-01,Faixa2,70232206864.06,1152301387.07,0.016407022340909357
2017-02-01,Faixa3,100883451771.87,1622729505.86,0.016085190161112987
2017-02-01,Sem Renda,419211493.98,17269494.75,0.04119518428763287
2017-02-01,alta,151726599797.26,2479348258.27,0.01634089382865597
2017-03-01,Faixa1,187201512362.02002,3903555114.02,0.02085215586544569
2017-03-01,Faixa2,80344509452.77,1289172337.25,0.016045556143544963
2017-03-01,Faixa3,107267251838.08,1639157967.8,0.015281066119548865
2017-03-01,Sem Renda,475540257.82,23419484.86,0.04924816453471468
2017-03-01,alta,159188294774.27002,2291820250.45,0.01439691438180059
2017-04-01,Faixa1,189462543854.2,4344465423.0,0.022930471293277167
2017-04-01,Faixa2,80714272432.11,1423474328.52,0.017635968034244574
2017-04-01,Faixa3,107485141707.16,1755275240.41,0.016330398904736004
2017-04-01,Sem Renda,512340051.08,27296494.509999998,0.053278080549158065
2017-04-01,alta,159469273954.87,2361294702.96,0.014807207961756002
2017-05-01,Faixa1,191998250060.79,4440691085.31,0.023128810204801346
2017-05-01,Faixa2,80565339431.81,1472641779.22,0.018278850304682636
2017-05-01,Faixa3,107419126098.95,1786009223.7,0.016626547697425904
2017-05-01,Sem Renda,500409419.49,23039172.12,0.04604064436572902
2017-05-01,alta,160147466357.31,2360251108.18,0.014737985944241978
2017-06-01,Faixa1,194851311740.19,3423472911.32,0.017569668280626078
2017-06-01,Faixa2,81633574379.92,1138792438.97,0.013950049934970348
2017-06-01,Faixa3,109852200747.86,1489625407.06,0.013560269133606946
2017-06-01,Sem Renda,297309687.93,6730075.56,0.022636583445557145
2017-06-01,alta,157914263155.52,1910140245.4499998,0.01209605900873451
2017-07-01,Faixa1,192610298653.89,3992671595.63,0.0207292736864741
2017-07-01,Faixa2,83689459268.92,1334557479.54,0.01594654202809049
2017-07-01,Faixa3,111385589736.21,1713979996.53,0.015387807350925282
2017-07-01,Sem Renda,308141588.05,11536258.02,0.03743817279908381
2017-07-01,alta,160485976696.36,2172835923.19,0.013539101471158523
2017-08-01,Faixa1,195373094035.91998,3921021413.67,0.020069403276937958
2017-08-01,Faixa2,84283786455.86,1318857100.34,0.015647815028228405
2017-08-01,Faixa3,111471619825.8,1648828286.3899999,0.014791462517245849
2017-08-01,Sem Renda,312356190.8,15318589.19,0.04904205404338667
2017-08-01,alta,160586334312.19,2064912179.56,0.012858579706699574
2017-09-01,Faixa1,197487120402.99002,3906498621.71,0.019781029840014085
2017-09-01,Faixa2,84531331864.62,1333205038.91,0.015771726406075992
2017-09-01,Faixa3,111466169802.82,1630361595.21,0.014626514915638137
2017-09-01,Sem Renda,411548821.68,23108530.39,0.05615015563807895
2017-09-01,alta,160423379420.65002,2026172935.8799999,0.01263015991308301
2017-10-01,Faixa1,194284079951.33002,4081925863.8099995,0.021010089271506754
2017-10-01,Faixa2,86681249517.62,1373650770.91,0.015847150087871926
2017-10-01,Faixa3,111726130549.6,1600079435.67,0.014321443227282057
2017-10-01,Sem Renda,356100882.48,15094701.19,0.042388833986806464
2017-10-01,alta,162799551011.52,2019830981.17,0.012406858425715641
2017-11-01,Faixa1,194660172928.75,4006799320.08,0.020583559850974646
2017-11-01,Faixa2,88181439804.48,1372593420.2,0.015565559183920996
2017-11-01,Faixa3,112409001703.47,1635430771.93,0.014548930665216604
2017-11-01,Sem Renda,355854417.26,16494535.09,0.04635191890269132
2017-11-01,alta,162638329642.34,1972508500.8600001,0.012128189616788174
2017-12-01,Faixa1,196055231506.97003,3206694185.73,0.01635607558687358
2017-12-01,Faixa2,88678351258.03,1081296597.23,0.012193467536216586
2017-12-01,Faixa3,112507698687.59,1309248670.24,0.011636969607524422
2017-12-01,Sem Renda,381381073.71,16078233.84,0.04215792274009328
2017-12-01,alta,162437270416.69,1597453897.5700002,0.009834281833671257
2018-01-01,Faixa1,197234091317.75,4316005301.99,0.021882653618115068
2018-01-01,Faixa2,89977927024.05,1461409966.04,0.01624187191653552
2018-01-01,Faixa3,112568436930.55,1712913124.61,0.015216637730048568
2018-01-01,Sem Renda,655434939.16,52562799.05,0.0801952961454329
2018-01-01,alta,161835291453.94,2135263506.9900002,0.01319405358254456
2018-02-01,Faixa1,199111814613.0,4784149228.74,0.024027450294893966
2018-02-01,Faixa2,90020101288.81,1535243468.91,0.017054451693900054
2018-02-01,Faixa3,112405346644.88,1712663205.93,0.015236492364911992
2018-02-01,Sem Renda,626929508.8100001,80590370.08,0.12854773774004002
2018-02-01,alta,161966711435.09998,2149734677.29,0.013272694482973423
2018-03-01,Faixa1,199046426751.14,4560669770.91,0.022912593033443538
2018-03-01,Faixa2,91019051713.17,1457800543.76,0.016016433002993633
2018-03-01,Faixa3,113124383948.26,1722004508.76,0.01522222220054341
2018-03-01,Sem Renda,677635347.83,87833984.03,0.12961836231134022
2018-03-01,alta,162875248528.56,2026890633.52,0.012444436167135529
2018-04-01,Faixa1,200433588133.18,4634617244.76,0.023122957024949754
2018-04-01,Faixa2,91592987847.99,1464761639.48,0.015992071815704438
2018-04-01,Faixa3,113446751465.65,1703355191.79,0.015014578820317748
2018-04-01,Sem Renda,669309027.48,69291118.99,0.10352634753917243
2018-04-01,alta,163127890788.77,1995642116.0900002,0.012233604605812654
2018-05-01,Faixa1,201873836935.22998,4626972683.59,0.02292012057547872
2018-05-01,Faixa2,92258879617.13,1458668077.32,0.015810598214214214
2018-05-01,Faixa3,113804610950.13,1739103341.79,0.015281484003772813
2018-05-01,Sem Renda,787880233.83,62096486.16,0.07881462625117523
2018-05-01,alta,163518213501.17,1954851452.79,0.01195494624686572
2018-06-01,Faixa1,203985133788.02,4304805378.49,0.021103525039052724
2018-06-01,Faixa2,93066740648.63,1333936222.3799999,0.014333114204742875
2018-06-01,Faixa3,113544433211.97,1575663812.4,0.013877067926865935
2018-06-01,Sem Renda,549983994.18,38794712.3,0.07053789330331527
2018-06-01,alta,164493681677.24,1742218259.79,0.010591399268504914
2018-07-01,Faixa1,205456041279.08002,4383453424.92,0.021335237443642564
2018-07-01,Faixa2,93622755665.24,1348006362.85,0.014398276928207145
2018-07-01,Faixa3,113898976279.7,1597751731.89,0.014027797124062163
2018-07-01,Sem Renda,645634647.49,43481578.57,0.06734703402154928
2018-07-01,alta,164901849134.6,1783055417.63,0.010812828521859651
2018-08-01,Faixa1,207383434223.75,4012140056.21,0.019346482862663102
2018-08-01,Faixa2,94329252593.95,1225404665.64,0.012990717427974129
2018-08-01,Faixa3,114300924226.99,1441867333.79,0.012614660323538576
2018-08-01,Sem Renda,660516362.17,52088902.46,0.07886088133967173
2018-08-01,alta,165466341941.09,1571281945.57,0.009496081965294272
2018-12-01,Faixa1,217482880249.17,3466467132.4700003,0.015939034504685937
2018-12-01,Faixa2,96451005717.22,1040703063.86,0.010789965911928245
2018-12-01,Faixa3,114999967253.04001,1241387243.39,0.010794674755502456
2018-12-01,Sem Renda,128978167.65,3498866.92,0.027127590535280795
2018-12-01,alta,166649528809.21002,1296603730.35,0.007780422420722392
2018-12-01,indisponivel,306625506.97,13338752.87,0.04350177192305483
2019-01-01,Faixa1,226390188123.84003,4141068942.7200003,0.018291733299213266
2019-01-01,Faixa2,95608012157.5,1224930107.81,0.012812002678103061
2019-01-01,Faixa3,113953171970.24,1376147536.16,0.012076430277161522
2019-01-01,Sem Renda,122377638.51,2564969.63,0.020959463356456296
2019-01-01,alta,159016081232.27002,1458435592.52,0.009171623279973218
2019-01-01,indisponivel,312264293.25,13645476.11,0.04369848364018802
2019-02-01,Faixa1,227258861874.88998,4390209962.79,0.01931810239024645
2019-02-01,Faixa2,96503493724.76001,1289876934.79,0.013366116448269632
2019-02-01,Faixa3,114172817899.99,1392336333.01,0.012194989653576046
2019-02-01,Sem Renda,121079794.82000001,2489714.19,0.020562590097722464
2019-02-01,alta,160784910553.94,1413975056.31,0.008794202462398613
2019-02-01,indisponivel,329922982.98,14737269.49,0.04466881742183258
2019-03-01,Faixa1,195535866501.68,4071240361.54,0.02082093906544261
2019-03-01,Faixa2,88483436026.73,1222290176.11,0.013813773865435761
2019-03-01,Faixa3,104917678860.9,1281523782.88,0.012214564759663109
2019-03-01,Sem Renda,60657875337.020004,1531199210.65,0.025243205472373288
2019-03-01,alta,152052032122.13,1205016736.49,0.007925028818569924
2019-03-01,indisponivel,1079490640.19,29417583.04,0.027251355356654357
2019-04-01,Faixa1,194429622874.05,4081564347.33,0.02099250251580237
2019-04-01,Faixa2,88251997095.23,1186935852.45,0.01344939368532606
2019-04-01,Faixa3,104389772179.74,1255501656.71,0.012027056199991096
2019-04-01,Sem Renda,60614280752.16,1500984388.49,0.02476288376046617
2019-04-01,alta,151584769271.52002,1132988406.17,0.007474289215300918
2019-04-01,indisponivel,5668978430.04,102123089.32,0.018014372532950247
2019-05-01,Faixa1,196402791969.93,4251617423.99,0.021647438823786877
2019-05-01,Faixa2,89260701056.84,1218104716.1,0.013646595889094882
2019-05-01,Faixa3,105766446005.5,1281220740.95,0.012113678669730236
2019-05-01,Sem Renda,61164609271.07,1537591101.53,0.025138574738795216
2019-05-01,alta,152062009131.55,1156557802.8600001,0.007605830078566522
2019-05-01,indisponivel,3064353792.53,62922717.339999996,0.020533763918966278
2019-06-01,Faixa1,199568064608.88,4159536466.36,0.020842695821658618
2019-06-01,Faixa2,88991444800.78,1125200402.0,0.012643916553090256
2019-06-01,Faixa3,103802524817.15,1068257496.63,0.010291247717834944
2019-06-01,Sem Renda,61266252445.81,1463487721.39,0.02388733867285999
2019-06-01,alta,154192524234.99,1106423358.19,0.007175596635954975
2019-06-01,indisponivel,3334437157.11,58047750.41,0.01740856032815767
2019-07-01,Faixa1,199969766555.97,4522332380.3,0.02261508056036178
2019-07-01,Faixa2,90259691458.73,1263927792.99,0.014003236356817302
2019-07-01,Faixa3,104270437386.17,1108610280.66,0.01063206704076837
2019-07-01,Sem Renda,62286209947.78,1687053434.65,0.02708550473795733
2019-07-01,alta,155047083622.84003,1179910645.53,0.00761001508677321
2019-07-01,indisponivel,3068831126.79,58017351.4,0.01890535809987244
2019-08-01,Faixa1,198683666427.15,4565243109.21,0.022977445460439533
2019-08-01,Faixa2,90102922303.66,1288819106.6000001,0.014303854676949229
2019-08-01,Faixa3,104476162096.95,1091640671.06,0.010448705706159056
2019-08-01,Sem Renda,62339222872.35,1711309728.05,0.027451573009727653
2019-08-01,alta,155218303384.09003,1144802726.6599998,0.007375436412464633
2019-08-01,indisponivel,5536194460.54,94962658.39,0.01715305686367407
2019-09-01,Faixa1,199294074724.78,4468611768.7,0.022422200834977347
2019-09-01,Faixa2,90674133453.87001,1286334686.1299999,0.014186346614323211
2019-09-01,Faixa3,105093822226.07,1067662870.55,0.010159140165758964
2019-09-01,Sem Renda,63319144712.03,1708237647.19,0.026978217329986332
2019-09-01,alta,158721767812.22,1128927019.96,0.007112616218435818
2019-09-01,indisponivel,5356516146.68,94423320.39,0.017627748671778787
2019-10-01,Faixa1,200624642075.59998,4383478028.15,0.021849150646699744
2019-10-01,Faixa2,91080189787.47,1247418643.88,0.01369582833315098
2019-10-01,Faixa3,105470109886.6,1015958708.51,0.009632669479555342
2019-10-01,Sem Renda,69000914642.72,1723833791.1,0.024982767257881188
2019-10-01,alta,160115199074.63,1084377634.33,0.0067724840652046365
2019-10-01,indisponivel,234848133.4,6837762.52,0.029115677527458684
2019-11-01,Faixa1,202720391348.77002,4541336641.24,0.022401972544670475
2019-11-01,Faixa2,92399400077.29001,1298607677.49,0.014054286893678358
2019-11-01,Faixa3,107067209153.87,1062717041.98,0.009925700411717397
2019-11-01,Sem Renda,67898342130.42,1806565351.22,0.026606914020815504
2019-11-01,alta,162262600354.22998,1168502754.3400002,0.007201306720027174
2019-11-01,indisponivel,234694721.19,7475729.8100000005,0.03185299512530549
2019-12-01,Faixa1,204422178374.51,3996747413.7,0.019551437351273064
2019-12-01,Faixa2,93401372933.62,1147088764.8,0.012281283762447814
2019-12-01,Faixa3,108215555238.75,961350959.85,0.008883667026695234
2019-12-01,Sem Renda,66336091927.0,1574039309.65,0.023728249040992078
2019-12-01,alta,163697688771.33002,1116565414.68,0.0068208990796426875
2019-12-01,indisponivel,236410850.47,6851070.09,0.028979507820303643
2020-01-01,Faixa1,206755004113.05,4808757811.06,0.02325824147129545
2020-01-01,Faixa2,94441296538.4,1350813274.9,0.014303205529910924
2020-01-01,Faixa3,109681976484.35,1127645684.06,0.010281048174044332
2020-01-01,Sem Renda,66573730442.6,1865782600.67,0.028025808201910536
2020-01-01,alta,160430634772.99,1228386307.0900002,0.007656806375092712
2020-01-01,indisponivel,265239368.86,9666277.51,0.036443600177250096
2020-02-01,Faixa1,206726037910.34003,5017824235.23,0.024272821585282354
2020-02-01,Faixa2,95085591604.6,1397063119.3500001,0.01469268998356228
2020-02-01,Faixa3,110140539490.89,1107801478.78,0.010058072022351308
2020-02-01,Sem Renda,67372010554.65,1960921026.95,0.029105870684375142
2020-02-01,alta,161771020737.15002,1208059810.24,0.007467714580369055
2020-02-01,indisponivel,257981591.39,9033826.41,0.035017329575051895
2020-03-01,Faixa1,207274748730.44,6965180255.52,0.03360361210510109
2020-03-01,Faixa2,94318355005.57,1931390484.61,0.020477355489246403
2020-03-01,Faixa3,110014400450.44,1557964909.13,0.014161463433433354
2020-03-01,Sem Renda,70079222939.47,3086777747.61,0.04404697452590425
2020-03-01,alta,163625936646.72,1645837878.3,0.010058539080228341
2020-03-01,indisponivel,256344749.59,10143382.93,0.03956930245781672
2020-04-01,Faixa1,208542238835.21002,7193958084.72,0.03449640765775351
2020-04-01,Faixa2,96445538090.41,1917480916.43,0.01988148912220817
2020-04-01,Faixa3,112005455478.94,1553563058.53,0.013870423113650129
2020-04-01,Sem Renda,69146471811.79,2905158656.72,0.04201456098335083
2020-04-01,alta,165583159505.88,1635982567.88,0.009880126534376855
2020-04-01,indisponivel,248085050.59,12108894.52,0.048809448579035394
2020-05-01,Faixa1,210477996226.34003,6312789256.940001,0.029992632817311064
2020-05-01,Faixa2,97945555086.74,1617327483.39,0.016512515365885716
2020-05-01,Faixa3,113510552441.79001,1289123186.4,0.011356857654807756
2020-05-01,Sem Renda,70308692812.56,2375075797.04,0.03378068489158022
2020-05-01,alta,165743269438.52002,1438017379.42,0.008676173604463686
2020-05-01,indisponivel,252988593.8,10570345.55,0.04178190562360444
2020-06-01,Faixa1,206229857611.97,4458802932.0,0.02162054992245314
2020-06-01,Faixa2,98097145882.55,1181507599.75,0.012044260708304382
2020-06-01,Faixa3,114029428250.71,926778058.14,0.00812753402658782
2020-06-01,Sem Renda,76829282164.32,2055655196.33,0.02675614216899008
2020-06-01,alta,166784115569.52002,958218347.52,0.005745261437205567
2020-06-01,indisponivel,2905127293.31,53642979.05,0.018464932388171217
2020-07-01,Faixa1,208677245726.89,4108672761.76,0.0196891268496868
2020-07-01,Faixa2,99558193874.54001,1064675988.83,0.010694006664802197
2020-07-01,Faixa3,115431426008.18001,827845759.62,0.007171753726418792
2020-07-01,Sem Renda,79292001335.76,1885823726.77,0.023783278199581905
2020-07-01,alta,168766228114.23,904016146.5,0.005356617592283413
2020-07-01,indisponivel,237481417.16,5022088.95,0.021147292323156524
2020-08-01,Faixa1,204259530239.21997,3558441042.42,0.01742117510136495
2020-08-01,Faixa2,100649773674.03,927679292.53,0.009216903910131325
2020-08-01,Faixa3,118198048162.64,710495842.67,0.006011062396668013
2020-08-01,Sem Renda,90364450566.74,2156068168.57,0.023859694327224443
2020-08-01,alta,166449721639.02002,791594785.8,0.004755759144594629
2020-08-01,indisponivel,169910594.88,5130662.07,0.030196245699825545
2020-09-01,Faixa1,206593363375.19,3392426981.1899996,0.01642079361004972
2020-09-01,Faixa2,102225675028.26,892948203.27,0.008735067809756669
2020-09-01,Faixa3,120302019481.72,649007062.55,0.005394814362601927
2020-09-01,Sem Renda,88952392053.27,1983065051.33,0.02229355507542082
2020-09-01,alta,169535179763.91,675395741.5999999,0.003983808803226193
2020-09-01,indisponivel,174787532.36,5594093.68,0.0320051070260444
2020-10-01,Faixa1,207241697834.69,3608892756.56,0.01741393162798105
2020-10-01,Faixa2,103152522976.67,928937247.08,0.009005472869433331
2020-10-01,Faixa3,123124189408.3,692422864.38,0.005623776024090703
2020-10-01,Sem Renda,88374288125.49,1985838100.46,0.022470767715154244
2020-10-01,alta,174112175896.82,643313436.78,0.0036948216485516304
2020-10-01,indisponivel,174870930.24,5014622.21,0.028676133895540714
2020-11-01,Faixa1,218359715879.76,4104652275.63,0.01879766265078963
2020-11-01,Faixa2,102607896859.7,1042528158.72,0.010160311151738075
2020-11-01,Faixa3,122028971383.03,748054508.84,0.0061301386085765895
2020-11-01,Sem Renda,89283726278.27,2229676110.0,0.024972928471318313
2020-11-01,alta,171929019270.14,654947478.03,0.003809406235261116
2020-11-01,indisponivel,177904524.83,4248722.01,0.023882034557917767
2020-12-01,Faixa1,220253321738.64,3734512962.8199997,0.016955535259765564
2020-12-01,Faixa2,103531233251.45,930454527.14,0.008987186744701205
2020-12-01,Faixa3,123274036156.71,673239520.43,0.005461324553161833
2020-12-01,Sem Renda,91418845742.35,1908274951.22,0.020873977741943717
2020-12-01,alta,174492231481.89,615737738.99,0.003528740126484688
2020-12-01,indisponivel,194733433.09,3468378.46,0.017810903885194785
2021-01-01,Faixa1,222177513573.99,4375717193.82,0.019694689725487408
2021-01-01,Faixa2,105321172260.5,1106783664.29,0.010508653108726286
2021-01-01,Faixa3,125152486880.87,797702541.19,0.006373844907687022
2021-01-01,Sem Renda,92750427491.3,2218123212.21,0.023914964838496946
2021-01-01,alta,173181187336.77997,700933473.23,0.004047399628153125
2021-01-01,indisponivel,208741296.77,5075740.91,0.024315940298065056
2021-02-01,Faixa1,203493751479.83002,4403481167.629999,0.02163939253961056
2021-02-01,Faixa2,103071609734.01,1210997248.36,0.011749086402018358
2021-02-01,Faixa3,124878620800.24,907610718.6,0.00726794316580293
2021-02-01,Sem Renda,116739738024.78,3775962400.89,0.032345133411970546
2021-02-01,alta,177768184689.90002,754358907.5699999,0.00424349783897444
2021-02-01,indisponivel,191374784.66,5363953.16,0.02802852616936813
2021-03-01,Faixa1,213307736120.72,4450991608.08,0.020866526873460384
2021-03-01,Faixa2,102371300051.25,1133055680.71,0.011068098970539203
2021-03-01,Faixa3,124426492802.81999,866929544.91,0.006967403206356001
2021-03-01,Sem Renda,116995067860.36,3619776038.15,0.030939560994745527
2021-03-01,alta,178037789929.28,751637266.77,0.00422178497648485
2021-03-01,indisponivel,199232259.67,4901229.640000001,0.024600582496620744
2021-04-01,Faixa1,216316270280.13,4863784471.41,0.02248459843132183
2021-04-01,Faixa2,104053789559.89,1267440658.76,0.012180629500576738
2021-04-01,Faixa3,126571402425.25,979317348.98,0.007737271849842709
2021-04-01,Sem Renda,114468276871.73,3864213153.2,0.03375793939424921
2021-04-01,alta,182384606123.27002,810182595.42,0.00444216544718919
2021-04-01,indisponivel,219115988.09,8659567.15,0.03952047144292893
2021-05-01,Faixa1,218433009753.91998,5100432313.71,0.02335009859295531
2021-05-01,Faixa2,105707237664.08,1384045288.74,0.013093193231841565
2021-05-01,Faixa3,128735523056.35,1068477505.64,0.008299787659792293
2021-05-01,Sem Renda,114113280870.22,4224995530.8,0.03702457328875724
2021-05-01,alta,186460659485.11,909062921.6600001,0.00487536043351061
2021-05-01,indisponivel,209995138.19,5822154.15,0.027725185450399405
2021-06-01,Faixa1,218124759314.48,4818607623.05,0.022091062189335427
2021-06-01,Faixa2,105290515591.70999,1313440218.84,0.012474439995461595
2021-06-01,Faixa3,130769843226.23,1043156306.59,0.007977040278203548
2021-06-01,Sem Renda,113371415950.37,3825408051.05,0.03374226227115862
2021-06-01,alta,192351818783.89,877340098.39,0.004561121927189594
2021-06-01,indisponivel,3181270319.51,59594426.57,0.018732902452369755
2021-07-01,Faixa1,220666952295.1,4868121384.16,0.022060944484563392
2021-07-01,Faixa2,106927517922.28,1351125718.48,0.01263590275668853
2021-07-01,Faixa3,132571293302.68001,1074228937.61,0.008103028271417517
2021-07-01,Sem Renda,116712995771.49,3841671343.46,0.03291554053656141
2021-07-01,alta,195922416826.47998,901538626.46,0.0046015082963092166
2021-07-01,indisponivel,288044021.26,5357149.42,0.018598370473256323
2021-08-01,Faixa1,223654348616.61,4952340162.3,0.022142829741215272
2021-08-01,Faixa2,107790282264.71,1348299150.67,0.012508540866038963
2021-08-01,Faixa3,136128674897.57,1092930039.05,0.008028654064783742
2021-08-01,Sem Renda,114799904864.15,3636335107.34,0.03167541917080076
2021-08-01,alta,201551032715.2,902683110.37,0.004478682635407424
2021-08-01,indisponivel,299211320.23,5169559.95,0.0172772873233079
2021-09-01,Faixa1,225670969405.90002,5190485775.82,0.02300023697990238
2021-09-01,Faixa2,108100724726.17,1385130395.7,0.012813331263122191
2021-09-01,Faixa3,137180487065.58,1091127262.24,0.007953953842709275
2021-09-01,Sem Renda,115547021258.89,3535334741.46,0.03059650264405234
2021-09-01,alta,206731603175.57,890714393.29,0.004308554568376984
2021-09-01,indisponivel,719086946.02,5433021.39,0.007555444331274081
2021-10-01,Faixa1,227780194241.96,5124342638.74,0.02249687535737482
2021-10-01,Faixa2,108978963439.56999,1312395080.39,0.012042646020557327
2021-10-01,Faixa3,138352770696.25,1010347587.65,0.0073026913921962035
2021-10-01,Sem Renda,117269552021.1,3135552619.12,0.026737994347892008
2021-10-01,alta,210447439652.84,838223597.0999999,0.003983054383948586
2021-10-01,indisponivel,341553300.26,2671858.7800000003,0.007822670072185237
2021-11-01,Faixa1,229239504828.51,5220382981.96,0.02277261498128464
2021-11-01,Faixa2,111196508539.58,1347610766.71,0.012119182377298499
2021-11-01,Faixa3,140965877041.82,1020149319.95,0.007236852927516315
2021-11-01,Sem Renda,379268041.08,17305886.8,0.04562969964650838
2021-11-01,alta,215723688830.97,863442430.1500001,0.004002538779255482
2021-11-01,indisponivel,114834183687.46,3112819314.5,0.027107079221044897
2021-12-01,Faixa1,231753556293.89,5010496148.08,0.02161993208736835
2021-12-01,Faixa2,112728943186.73,1303989056.9,0.011567473445927776
2021-12-01,Faixa3,143307141429.53,996835482.86,0.006955937247204006
2021-12-01,Sem Renda,331750662.91,15746536.66,0.047464974212491164
2021-12-01,alta,215928283171.04,770473663.27,0.003568192419979074
2021-12-01,indisponivel,117439759296.74,2953814794.55,0.02515174428352217
2022-01-01,Faixa1,254292800979.84998,6192324989.38,0.024351161202831994
2022-01-01,Faixa2,111019462075.54,1418906798.28,0.012780703236650037
2022-01-01,Faixa3,140549740100.18,1004239067.1,0.007145079502702787
2022-01-01,Sem Renda,304147810.23,14269214.92,0.04691539587021672
2022-01-01,alta,203887242157.09,842484753.62,0.004132111184136213
2022-01-01,indisponivel,118215451008.97,3613100271.81,0.030563688933825103
2022-02-01,Faixa1,252892195759.57,7225762439.799999,0.028572500697766432
2022-02-01,Faixa2,111085702991.84,1659630118.1200001,0.014940087458796667
2022-02-01,Faixa3,140809302296.28,1183723701.24,0.00840657315913192
2022-02-01,Sem Renda,286076694.98,14041927.07,0.04908448439318585
2022-02-01,alta,209361700920.89,926842052.71,0.004426989504924872
2022-02-01,indisponivel,120374509060.36,4331924365.21,0.0359870573846978
2022-03-01,Faixa1,254595897611.13,7033171891.110001,0.02762484375083087
2022-03-01,Faixa2,111482703103.33,1577061979.76,0.014146248125130838
2022-03-01,Faixa3,141276560057.26,1113176247.67,0.007879412177213437
2022-03-01,Sem Renda,264078889.81,12478424.379999999,0.047252638743589086
2022-03-01,alta,211545054646.11,888929969.46,0.004202083432992917
2022-03-01,indisponivel,122703013085.62,4380140629.35,0.035697091042854956
2022-04-01,Faixa1,255642492314.65997,6512446668.299999,0.02547482075195892
2022-04-01,Faixa2,111904482629.24,1521009192.34,0.013592030958932907
2022-04-01,Faixa3,141900765909.56,1120691410.65,0.00789771220378239
2022-04-01,Sem Renda,250032061.35,14158782.790000001,0.05662786889630225
2022-04-01,alta,214088549996.21,930250803.96,0.004345168408009061
2022-04-01,indisponivel,125466270157.6,4225182683.0,0.03367584513106739
2022-05-01,Faixa1,257169224360.91998,6179469739.82,0.02402880731617996
2022-05-01,Faixa2,112413487903.22,1494001933.94,0.01329023733545417
2022-05-01,Faixa3,142799604761.28,1125845031.13,0.00788409066686207
2022-05-01,Sem Renda,232202554.74,12738381.290000001,0.05485891963705274
2022-05-01,alta,216683031377.18,973317588.68,0.004491895754336881
2022-05-01,indisponivel,129220346654.93,3964735967.64,0.030681979040246894
2022-06-01,Faixa1,257883905661.99,5500107312.07,0.021327842456671273
2022-06-01,Faixa2,113219323934.57,1361336842.21,0.012023891283759327
2022-06-01,Faixa3,144414125067.26,1058229497.96,0.007327742334533662
2022-06-01,Sem Renda,208709815.42,10345109.33,0.049566951650941195
2022-06-01,alta,219799806825.13,900817953.8199999,0.004098356440033996
2022-06-01,indisponivel,133537294843.16,3434114397.3,0.02571651912923187
2022-07-01,Faixa1,259864150370.92,5720352545.69,0.022012857631670203
2022-07-01,Faixa2,113885712426.56,1438036584.9,0.012627014875349953
2022-07-01,Faixa3,145099185425.42,1118837916.1,0.007710849050045666
2022-07-01,Sem Renda,71043284.05,5391343.17,0.07588814681209828
2022-07-01,alta,223070737125.57,1021303857.4100001,0.00457838563036214
2022-07-01,indisponivel,138346728842.04,3517461863.78,0.025424973132513518
2022-08-01,Faixa1,261528925476.59,5675146921.63,0.02169988237931255
2022-08-01,Faixa2,114103366430.99,1415118494.83,0.01240207488256595
2022-08-01,Faixa3,146194012996.55,1122949501.1,0.007681227692453454
2022-08-01,Sem Renda,72562552.63,5370370.27,0.07401021705208995
2022-08-01,alta,226842269365.55,1015446280.9,0.004476442083479762
2022-08-01,indisponivel,142733792325.12,3441462236.31,0.024111054433914387
2022-09-01,Faixa1,263153355048.95,5421611535.67,0.02060247924508319
2022-09-01,Faixa2,114330625502.56,1395326816.93,0.012204313680578586
2022-09-01,Faixa3,146543325337.83,1088564415.74,0.007428277017943364
2022-09-01,Sem Renda,74706541.93,5847891.9,0.07827817683596534
2022-09-01,alta,230268432841.36,999899712.99,0.004342322135309211
2022-09-01,indisponivel,147793906123.88998,3412060113.16,0.023086608931628075
2022-10-01,Faixa1,265416788505.47998,5712663664.38,0.021523369702975862
2022-10-01,Faixa2,114827193368.07,1520668937.35,0.01324310812401039
2022-10-01,Faixa3,146979925246.13,1202681961.07,0.008182627382998119
2022-10-01,Sem Renda,76067711.24000001,4830440.46,0.06350185093330277
2022-10-01,alta,232385282262.66998,1086646245.54,0.00467605450293423
2022-10-01,indisponivel,152520840952.99,3603869673.96,0.023628703142744838
2022-11-01,Faixa1,267265518077.11002,5848094066.76,0.021881214265256393
2022-11-01,Faixa2,115172887692.71,1578355604.42,0.013704228799326213
2022-11-01,Faixa3,147937520992.78,1264846288.29,0.008549868078103932
2022-11-01,Sem Renda,76560880.64,4572113.64,0.05971866574391587
2022-11-01,alta,234062074797.33002,1167676572.96,0.0049887474251053675
2022-11-01,indisponivel,157325695661.14,3703883708.14,0.02354277661112464
2022-12-01,Faixa1,284220608391.36,5681061989.33,0.0199882127530577
2022-12-01,Faixa2,110704688639.54001,1397858049.73,0.01262690918432096
2022-12-01,Faixa3,143904912803.28,1206932873.36,0.008387016466977008
2022-12-01,Sem Renda,78585890.03999999,5096698.1,0.06485512981281748
2022-12-01,alta,230496455048.59998,1100190457.33,0.004773133960338027
2022-12-01,indisponivel,161931461365.62,3547147741.55,0.021905241338747668
2023-01-01,Faixa1,290121791061.77,6391471088.42,0.02203030342887683
2023-01-01,Faixa2,115545315218.11,1682532485.4,0.01456166770780758
2023-01-01,Faixa3,143467986456.78,1208488717.19,0.00842340334618176
2023-01-01,Sem Renda,78433382.96,5260777.44,0.06707319309028056
2023-01-01,alta,223933751705.78998,1216034585.77,0.005430331857109499
2023-01-01,indisponivel,165795094414.1,3975158431.03,0.023976333226732274
2023-02-01,Faixa1,285433567974.41,6932719184.0,0.024288380771744198
2023-02-01,Faixa2,116978924959.43,1843445185.58,0.015758780363380274
2023-02-01,Faixa3,145575251062.66,1313096091.82,0.009020050332970427
2023-02-01,Sem Renda,78536631.92,5782032.76,0.07362211261987614
2023-02-01,alta,227931872741.2,1338497764.01,0.0058723589110758825
2023-02-01,indisponivel,169944847616.41,4385533721.89,0.025805629199119832
2023-03-01,Faixa1,286215448037.26996,6838105653.1,0.023891462532831444
2023-03-01,Faixa2,117547732210.98,1788029804.64,0.015211095705621638
2023-03-01,Faixa3,147014918718.46,1259261478.75,0.00856553531932049
2023-03-01,Sem Renda,77419793.99,3729059.58,0.04816674635535284
2023-03-01,alta,230368019048.19,1277669596.4499998,0.005546210805340683
2023-03-01,indisponivel,175938200693.7,4261851123.69,0.024223568883199386
2023-04-01,Faixa1,287428614554.75,7671241244.24,0.026689205095753493
2023-04-01,Faixa2,117645374367.64,1997820930.35,0.0169817210501353
2023-04-01,Faixa3,147311006802.17,1414529041.79,0.009602330962883371
2023-04-01,Sem Renda,81665811.0,3838872.69,0.04700709688660289
2023-04-01,alta,232225130622.8,1412583289.96,0.006082818367554023
2023-04-01,indisponivel,181237547333.77,4824491824.17,0.026619714817068995
2023-05-01,Faixa1,291776899055.5,7850306167.32,0.02690516690228709
2023-05-01,Faixa2,118764279999.1,2079641161.77,0.017510661975012685
2023-05-01,Faixa3,146071268060.38998,1445475414.5,0.009895686083196045
2023-05-01,Sem Renda,1573339601.89,42199682.76,0.026821725398195616
2023-05-01,alta,231343164775.61,1446880686.94,0.006254261665104279
2023-05-01,indisponivel,185574934324.56,4875235856.42,0.02627098252339128
2023-06-01,Faixa1,292700167665.06995,7273085690.02,0.02484824572544292
2023-06-01,Faixa2,118051522658.69,1952120557.57,0.016536174321223805
2023-06-01,Faixa3,146897009825.26,1372168426.94,0.009341023541406666
2023-06-01,Sem Renda,86813208.84,7496506.96,0.08635214686991173
2023-06-01,alta,233119143583.42,1336555568.55,0.005733358264812444
2023-06-01,indisponivel,193003735180.34,4546263989.45,0.023555316093763854
2023-07-01,Faixa1,293628595817.38,7629356888.389999,0.02598301731189362
2023-07-01,Faixa2,118064248495.72,2112395098.79,0.01789191161341765
2023-07-01,Faixa3,146943523922.57,1448238011.17,0.009855745748503557
2023-07-01,Sem Renda,84867852.14,6287271.79,0.07408307894523322
2023-07-01,alta,234733069930.21,1463819314.25,0.006236101775881931
2023-07-01,indisponivel,199428935787.67,4927232538.39,0.024706708276455807
2023-08-01,Faixa1,294020726387.55,7552262621.56,0.02568615727996444
2023-08-01,Faixa2,118752059391.45999,2055742879.52,0.01731121877005392
2023-08-01,Faixa3,147708778033.44,1435960781.57,0.009721566996139597
2023-08-01,Sem Renda,80932102.53,5739646.18,0.07091927678355349
2023-08-01,alta,236726583226.69,1408475737.12,0.005949799629267828
2023-08-01,indisponivel,204895683033.25,4790901001.51,0.023382147103277642
2023-09-01,Faixa1,295246182650.32,7206597056.12,0.024408773015891148
2023-09-01,Faixa2,119674397478.28,1972726791.2,0.016484117177678167
2023-09-01,Faixa3,146877471438.64,1356178111.73,0.009233397732453212
2023-09-01,Sem Renda,84163643.23,6295476.68,0.07480042971519069
2023-09-01,alta,238998541414.61,1332506713.94,0.005575375925112419
2023-09-01,indisponivel,212034330415.75,4578695868.45,0.021594125156394448
2023-10-01,Faixa1,297047585923.44995,6836155655.68,0.023013671814325728
2023-10-01,Faixa2,119888158752.6,1864708175.15,0.01555373103191945
2023-10-01,Faixa3,146981057443.18,1309500806.39,0.008909316813809342
2023-10-01,Sem Renda,80606633.91,5717739.21,0.07093385410913011
2023-10-01,alta,239774771203.11,1312785685.9099998,0.005475078463521739
2023-10-01,indisponivel,218568799411.82,4338525543.05,0.019849702037643056
2023-11-01,Faixa1,298313848920.57996,6569396126.66,0.02202176047284003
2023-11-01,Faixa2,118062745987.45,1783949022.49,0.015110177283862538
2023-11-01,Faixa3,148955552348.05,1308556660.98,0.00878488005551094
2023-11-01,Sem Renda,58788434.51,5898716.63,0.10033804572558604
2023-11-01,alta,241298669451.07,1274155102.04,0.00528040666340421
2023-11-01,indisponivel,224783702540.48,4184315100.21,0.018614850867386484
2023-12-01,Faixa1,298310063693.55005,6050940022.32,0.020284062654138447
2023-12-01,Faixa2,118134760757.02,1683161095.45,0.014247805511808093
2023-12-01,Faixa3,149950369658.07,1227816614.23,0.008188153300520534
2023-12-01,Sem Renda,57970272.16,5498099.12,0.09484342431281076
2023-12-01,alta,242832928539.66998,1233540350.2,0.005079790280577557
2023-12-01,indisponivel,231470534411.43,3998190578.62,0.017273000163007226
