data_base,faixa,carteira_ativa,carteira_inadimplida_arrastada,numero_de_operacoes,ticket_medio
2012-07-01,Faixa1,53971744983.78,835039563.49,1434707,37618.65313529522
2012-07-01,Faixa2,34783369546.39,490426833.38,610668,56959.541921944496
2012-07-01,Faixa3,41359526152.090004,531807396.56,520221,79503.76119397333
2012-07-01,Sem Renda,1035753741.32,38210626.29,12157,85198.13616188205
2012-07-01,alta,84101030477.65,754687240.02,564590,148959.47586328132
2012-07-01,indisponivel,704547210.73,38512890.76,15039,46848.00922468249
2012-08-01,Faixa1,53198794027.6,869983334.27,1433867,37101.62381001864
2012-08-01,Faixa2,37029748363.63,536315273.64,633623,58441.29452944416
2012-08-01,Faixa3,43618124881.22,543119430.42,537154,81202.27138068412
2012-08-01,Sem Renda,1117019454.15,39616866.13,12634,88413.76081605193
2012-08-01,alta,87543716705.05,751721266.64,578457,151340.05933898286
2012-08-01,indisponivel,728071299.95,40380391.31,15374,47357.31104136855
2012-09-01,Faixa1,54725997820.63,927534454.21,1449227,37762.19862080267
2012-09-01,Faixa2,37289485852.05,550567318.85,632208,58982.93892524296
2012-09-01,Faixa3,43177923401.55,586729495.9,528151,81752.98996224566
2012-09-01,Sem Renda,1010802151.18,26831554.53,10864,93041.43512334315
2012-09-01,alta,89336427827.69,851630741.74,581027,153756.06955905663
2012-09-01,indisponivel,718272049.6,36641357.61,14999,47887.99583972265
2012-10-01,Faixa1,61083801192.54,966966330.29,1541028,39638.34608620998
2012-10-01,Faixa2,37904161199.49,535423105.03,620771,61059.81303812517
2012-10-01,Faixa3,44294239119.14,577494635.42,516657,85732.38941723426
2012-10-01,Sem Renda,979478570.7,24108355.72,10787,90801.75866320572
2012-10-01,alta,87451967852.67,835237964.38,553325,158048.10527749514
2012-10-01,indisponivel,701238400.88,34793006.3,14536,48241.497033571824
2012-11-01,Faixa1,63992271898.36,1003457350.16,1564633,40899.22166946498
2012-11-01,Faixa2,38968485993.03,562443728.98,627933,62058.35016320212
2012-11-01,Faixa3,45672926491.48,600940928.93,526295,86781.98822234679
2012-11-01,Sem Renda,977047228.0699999,22806029.16,11229,87011.06314631757
2012-11-01,alta,87684388267.6,877209538.02,544369,161075.2784739763
2012-11-01,indisponivel,692397594.35,33461454.6,14163,48887.77761420603
2012-12-01,Faixa1,67283584931.96,957486372.54,1593926,42212.48974667582
2012-12-01,Faixa2,39958618692.77,538398745.01,633147,63111.123787635406
2012-12-01,Faixa3,46790230600.08,561590403.53,531959,87958.34002259573
2012-12-01,Sem Renda,1026277912.06,24246635.9,12344,83139.81789209331
2012-12-01,alta,89063577302.64,863879903.38,547729,162605.1885195781
2012-12-01,indisponivel,681077479.35,35946717.82,13843,49200.13576175684
2013-01-01,Faixa1,70611825179.69,994941572.14,1625889,43429.67150874998
2013-01-01,Faixa2,40983037647.77,554809584.31,639646,64071.43583758829
2013-01-01,Faixa3,47940426527.51,569788498.54,537428,89203.44032597855
2013-01-01,Sem Renda,1042836615.57,24700421.26,11761,88669.0430720177
2013-01-01,alta,89138295747.63,856808040.3,543655,163961.14401160664
2013-01-01,indisponivel,591221680.19,19652925.56,13063,45259.25745923602
2013-02-01,Faixa1,73205118893.45,1210897666.7,1650739,44346.876697921354
2013-02-01,Faixa2,41886214590.2,651137662.85,645499,64889.666119079964
2013-02-01,Faixa3,48673250430.590004,648631838.81,540153,90110.11774550915
2013-02-01,Sem Renda,1055184137.32,22505427.07,11921,88514.73343846994
2013-02-01,alta,89851823554.28,940043087.59,545781,164629.8122402209
2013-02-01,indisponivel,578298399.27,18906280.41,12725,45445.846700982314
2013-03-01,Faixa1,65443592403.57,1470309174.95,1600942,40878.1782248014
2013-03-01,Faixa2,39170220753.78,678399170.26,626230,62549.25626970921
2013-03-01,Faixa3,49339211631.729996,689789993.35,563708,87526.18666353857
2013-03-01,Sem Renda,805722001.71,22355487.18,6972,115565.40472030982
2013-03-01,alta,106843493993.02,1079247189.86,643969,165914.0331180849
2013-03-01,indisponivel,568693949.13,17036151.28,12411,45821.76691080493
2013-04-01,Faixa1,58949027222.82,1258610139.83,1486277,39662.207800309094
2013-04-01,Faixa2,43928958557.48,788956515.38,713205,61593.733298953324
2013-04-01,Faixa3,52912151322.159996,745685122.8,607639,87078.26739587156
2013-04-01,Sem Renda,794780919.75,22142979.66,6983,113816.5429972791
2013-04-01,alta,112228222865.07,1192245585.02,675048,166252.2114946937
2013-04-01,indisponivel,559107980.63,14953921.43,12029,46480.00504031923
2013-05-01,Faixa1,63118960706.159996,1316996873.87,1528209,41302.57098745001
2013-05-01,Faixa2,45084913660.68,855760456.96,724797,62203.50478917545
2013-05-01,Faixa3,54062439627.45,794178542.95,615905,87777.23776791875
2013-05-01,Sem Renda,830191707.87,19592105.95,7127,116485.43677143258
2013-05-01,alta,114747834329.89,1271704165.71,685049,167503.1046390696
2013-05-01,indisponivel,548966373.5,15586624.77,11738,46768.30580166979
2013-06-01,Faixa1,66337099088.84,1185850074.35,1555913,42635.48096123626
2013-06-01,Faixa2,45828312885.96,760792093.09,728992,62865.3166097296
2013-06-01,Faixa3,54936022105.37,719800138.91,619109,88734.0066214027
2013-06-01,Sem Renda,1527309937.27,28616090.7,20061,76133.2903279996
2013-06-01,alta,117706199568.76,1181931290.52,694725,169428.47827379178
2013-06-01,indisponivel,538711889.18,15255014.68,11378,47346.799892775525
2013-07-01,Faixa1,67713945406.97,1197725540.35,1568940,43159.04075807233
2013-07-01,Faixa2,46983456137.78,773255439.9,742784,63253.18819169503
2013-07-01,Faixa3,56526816352.17,735686045.41,633498,89229.66821074414
2013-07-01,Sem Renda,1523325630.73,26503955.37,20226,75315.21955552259
2013-07-01,alta,121705934464.06,1197154691.78,712612,170788.49986256196
2013-07-01,indisponivel,516824727.88,15432687.92,10732,48157.354442787924
2013-08-01,Faixa1,68986996946.57,1266727910.67,1581388,43624.333146938014
2013-08-01,Faixa2,48133232785.79,840964016.91,756080,63661.56066261507
2013-08-01,Faixa3,58281062281.89,784270576.74,648417,89882.07015221685
2013-08-01,Sem Renda,1510458998.96,29624688.97,18759,80519.1640791087
2013-08-01,alta,125595281901.12,1187617562.44,729158,172247.00531451346
2013-08-01,indisponivel,506748857.9,14777957.82,10389,48777.4432476658
2013-09-01,Faixa1,72048467461.54,1410705466.64,1605047,44888.69638181311
2013-09-01,Faixa2,48630867443.35,935389662.33,758174,64142.09329698723
2013-09-01,Faixa3,58318581267.35,874477211.67,642538,90762.85179608055
2013-09-01,Sem Renda,1529633616.59,35020593.2,19366,78985.52187286997
2013-09-01,alta,126861197845.3,1341566412.86,727982,174264.19588025528
2013-09-01,indisponivel,499540359.32,13208816.62,10139,49269.194133543744
2013-10-01,Faixa1,75762099542.89,1498557578.66,1637545,46265.659595852325
2013-10-01,Faixa2,49223798491.88,985309012.5400001,762663,64542.004124862484
2013-10-01,Faixa3,58651523155.69,913525095.22,645522,90859.06158998454
2013-10-01,Sem Renda,1457162658.83,31979514.76,18430,79064.71290450353
2013-10-01,alta,125262065512.1,1433302211.9,726526,172412.36447436156
2013-10-01,indisponivel,491306750.56,13778097.54,9797,50148.69353475554
2013-11-01,Faixa1,79515615108.1,1439296720.56,1669635,47624.54974176991
2013-11-01,Faixa2,49720738936.42,954849703.48,766168,64895.34793468273
2013-11-01,Faixa3,59403602037.76,922958211.25,649331,91484.31545353602
2013-11-01,Sem Renda,2846719407.17,40114680.68,27468,103637.6659083297
2013-11-01,alta,126524655814.56,1497419691.13,730342,173240.28443463473
2013-11-01,indisponivel,482213141.58,14719691.94,9458,50984.68403256502
2013-12-01,Faixa1,84054144546.38,1234385490.35,1703018,49355.9930349415
2013-12-01,Faixa2,50154147339.61,798111919.99,766825,65404.94550857106
2013-12-01,Faixa3,59918174267.86,835861058.54,650063,92172.87288748937
2013-12-01,Sem Renda,3031872315.46,43439282.3,29103,104177.31214857574
2013-12-01,alta,128092481664.62,1445191525.33,732650,174834.47985343615
2013-12-01,indisponivel,474570061.64,14107715.3,9185,51667.943564507346
2014-01-01,Faixa1,88080372787.88,1339012165.51,1733531,50809.80541327499
2014-01-01,Faixa2,50776994786.43,870766218.03,770843,65872.03203042643
2014-01-01,Faixa3,61100310612.27,895497298.86,656506,93068.92947249529
2014-01-01,Sem Renda,1070382616.09,28595092.98,15349,69736.30960257998
2014-01-01,alta,130542884267.32,1553330476.25,741553,176039.8572554086
2014-01-01,indisponivel,466432204.61,14160674.64,8959,52062.976293113075
2014-02-01,Faixa1,82371332336.72,1719567281.55,1677438,49105.44075949156
2014-02-01,Faixa2,50433589697.7,873325109.92,737082,68423.30934373652
2014-02-01,Faixa3,71284215921.64,1041325201.15,731263,97480.9554450861
2014-02-01,Sem Renda,6856660934.4800005,152375614.14,109290,62738.22796669412
2014-02-01,alta,127449985349.64,1376756618.98,705331,180695.28398672395
2014-02-01,indisponivel,451955654.44,12941688.34,8644,52285.47598796853
2014-03-01,Faixa1,94057335808.02,1914012866.38,1817781,51742.94142584833
2014-03-01,Faixa2,49991298286.65,847875652.11,732823,68217.42533551759
2014-03-01,Faixa3,71038508961.57,1053645619.22,730354,97265.85869533132
2014-03-01,Sem Renda,329292784.06,14569929.42,2893,113823.98342896647
2014-03-01,alta,129013131954.92,1446243555.95,717001,179934.38217648232
2014-03-01,indisponivel,445944729.97,12242040.09,8308,53676.54429104478
2014-04-01,Faixa1,98259736277.07,2212592647.37,1853456,53014.33445254163
2014-04-01,Faixa2,50710038928.14,988973686.0,737403,68768.41961334576
2014-04-01,Faixa3,72110100453.05,1192248788.39,735972,97979.40744084015
2014-04-01,Sem Renda,310375371.15,12729934.370000001,2807,110571.91704666903
2014-04-01,alta,129742625944.05,1586536719.03,717018,180947.51588391088
2014-04-01,indisponivel,438730988.31,15732071.56,8042,54554.95999875653
2014-05-01,Faixa1,96726365179.46,2269008493.09,1845660,52407.46680291062
2014-05-01,Faixa2,52054176352.98,946195286.8,753954,69041.58125426751
2014-05-01,Faixa3,74709357865.4,1126683644.84,757060,98683.53613372783
2014-05-01,Sem Renda,309728883.95,15308370.37,2754,112465.0994734931
2014-05-01,alta,135780491163.79001,1562158271.06,740943,183253.6256686277
2014-05-01,indisponivel,432986057.85,16463918.0,7753,55847.55034825229
2014-06-01,Faixa1,99724303492.77,1974579889.8899999,1874789,53192.28110084389
2014-06-01,Faixa2,52970507503.83,849730444.55,762265,69490.93491611186
2014-06-01,Faixa3,75936794223.34,1031130776.68,765899,99147.26905680775
2014-06-01,Sem Renda,313562042.48,19711419.69,2709,115748.26226651901
2014-06-01,alta,138490397819.48,1500772655.44,753468,183803.95427474027
2014-06-01,indisponivel,425815397.21,13889108.51,7490,56851.18787850467
2014-07-01,Faixa1,97670803962.75,2011698793.97,1846650,52890.8044094712
2014-07-01,Faixa2,54393521474.58,909740411.52,781526,69599.11951052172
2014-07-01,Faixa3,78175275656.32,1111316127.15,790168,98935.00579157851
2014-07-01,Sem Renda,335326131.22,16772393.78,2760,121494.97507971016
2014-07-01,alta,145110879915.42,1623129189.0,789384,183827.99742003894
2014-07-01,indisponivel,418248959.28,12176525.19,7201,58082.06627968337
2014-08-01,Faixa1,89674284517.06,1821889259.98,1705873,52567.97224474506
2014-08-01,Faixa2,55093517787.57,926427187.39,780867,70554.29130385841
2014-08-01,Faixa3,79010731531.77,1113840030.1,785693,100561.83717020517
2014-08-01,Sem Renda,14836651088.64,321044990.77,210546,70467.50395941979
2014-08-01,alta,147611614648.7,1669742147.37,784628,188129.4252164083
2014-08-01,indisponivel,412003806.45,10799047.01,6981,59017.878018908465
2014-09-01,Faixa1,106166466442.22,2203944146.85,1927538,55078.792969176226
2014-09-01,Faixa2,55879442297.170006,935684632.11,786503,71047.9709513759
2014-09-01,Faixa3,79620895181.77,1047023891.81,785269,101393.14703849255
2014-09-01,Sem Renda,392115615.3,15942374.879999999,3229,121435.61947971508
2014-09-01,alta,149993415500.75,1508893952.82,789686,189940.57828143085
2014-09-01,indisponivel,406795194.67,12018008.09,6750,60265.954765925926
2014-10-01,Faixa1,110618634704.33,2588978141.96,1965887,56269.070757541
2014-10-01,Faixa2,56790325610.11,1111021452.78,791921,71712.10968027114
2014-10-01,Faixa3,80910414514.78,1221988763.8799999,791864,102177.1598592435
2014-10-01,Sem Renda,356684686.71999997,14866394.45,3161,112839.1922556153
2014-10-01,alta,152588496831.24,1705950351.99,797833,191253.67944324188
2014-10-01,indisponivel,401467919.41,11465357.44,6520,61574.83426533743
2014-11-01,Faixa1,114738256316.41,2489030744.81,2003181,57278.02745553697
2014-11-01,Faixa2,57303410153.2,1061455783.67,795250,72057.10173303992
2014-11-01,Faixa3,81998328646.08,1183962406.6299999,796672,102926.08331418702
2014-11-01,Sem Renda,379984731.01,19286549.44,3337,113870.16212466286
2014-11-01,alta,155074701919.24,1723893004.43,806122,192371.25635975695
2014-11-01,indisponivel,396731324.12,11087712.67,6352,62457.70215994962
2014-12-01,Faixa1,119715842988.62,2042078553.71,2045604,58523.46934627621
2014-12-01,Faixa2,58072326314.65,864231840.72,799832,72605.65508087949
2014-12-01,Faixa3,83021978423.14,1006493351.27,800899,103660.98399815707
2014-12-01,Sem Renda,385309320.45,18586377.94,3330,115708.50463963964
2014-12-01,alta,156802677644.77,1529952315.91,811454,193236.6808774989
2014-12-01,indisponivel,390781779.82,9269714.94,6153,63510.77195189338
2015-01-01,Faixa1,125051083864.31,2415519534.64,2092808,59752.77419825899
2015-01-01,Faixa2,58705842558.840004,999181758.03,801910,73207.52024396753
2015-01-01,Faixa3,84666571371.47,1184255303.6,808298,104746.72877016892
2015-01-01,Sem Renda,963018414.34,22895299.71,5496,175221.69110989812
2015-01-01,alta,156119000659.44,1820486237.24,802489,194543.47743014546
2015-01-01,indisponivel,384425239.22,7425967.8100000005,5973,64360.49543278085
2015-02-01,Faixa1,128442895745.18001,2659039317.1,2124396,60460.90076670263
2015-02-01,Faixa2,59115900534.13,1089044053.53,804469,73484.37358571927
2015-02-01,Faixa3,85334310609.68001,1277909185.49,810863,105238.87587629477
2015-02-01,Sem Renda,964684621.97,25191503.52,5517,174856.7377143375
2015-02-01,alta,156592784252.94,2032659574.68,802451,195143.11061104044
2015-02-01,indisponivel,380934661.28,7844754.69,5789,65803.18902746588
2015-03-01,Faixa1,133339455704.99,2509841577.11,2165152,61584.33943898165
2015-03-01,Faixa2,59763280579.04,1008424633.43,807274,74030.97409186968
2015-03-01,Faixa3,86204742849.04,1218840964.98,813952,105908.87773362556
2015-03-01,Sem Renda,878279668.16,24736280.14,5039,174296.42154395714
2015-03-01,alta,157952082684.73,2049841383.69,805719,196038.6719001662
2015-03-01,indisponivel,377389295.86,7615975.079999999,5628,67055.6673525231
2015-04-01,Faixa1,127264696899.93,2934364034.25,2171106,58617.44976980856
2015-04-01,Faixa2,63261402189.47,1103354482.18,833232,75922.91485381023
2015-04-01,Faixa3,90380251582.74,1298346384.53,825871,109436.28191659473
2015-04-01,Sem Renda,879466581.85,27570660.07,5118,171837.9409632669
2015-04-01,alta,164453614994.84,2126575835.55,816338,201452.8479561652
2015-04-01,indisponivel,374230805.72,7328343.4,5476,68340.17635500366
2015-05-01,Faixa1,126287997384.61,3028277963.4,2169747,58204.01981641638
2015-05-01,Faixa2,64316492194.93,1165443800.83,844066,76198.41599463786
2015-05-01,Faixa3,91867283381.64,1391664713.76,837502,109692.0167135601
2015-05-01,Sem Renda,891889953.5799999,27892883.88,5255,169722.16052901998
2015-05-01,alta,168334131766.74,2238360914.9900002,833747,201900.73459543483
2015-05-01,indisponivel,371360087.79,7835982.42,5308,69962.33756405427
2015-06-01,Faixa1,129314928447.37,2654715850.2400002,2199929,58781.409967035295
2015-06-01,Faixa2,64851584487.42,1010206323.72,846977,76568.29463777646
2015-06-01,Faixa3,92430608352.82,1260044033.07,840067,110027.66249932446
2015-06-01,Sem Renda,935900457.25,29082269.39,5412,172930.60924796748
2015-06-01,alta,169672431423.31,2106248869.89,838158,202434.9006074153
2015-06-01,indisponivel,366797244.07,7022670.02,5161,71070.96378027514
2015-07-01,Faixa1,139993998305.55,2957423124.43,2347100,59645.519281475004
2015-07-01,Faixa2,62657233102.08,976811756.92,791775,79135.14963478262
2015-07-01,Faixa3,93384483809.23,1312114073.1,818972,114026.46709439394
2015-07-01,Sem Renda,2451426110.35,32309461.68,21971,111575.53640480633
2015-07-01,alta,164570225641.08,2189865290.34,793898,207293.9163986809
2015-07-01,indisponivel,364558632.96,5998444.51,5032,72448.05901430843
2015-08-01,Faixa1,133321591092.17,2797305028.78,2245175,59381.380557047894
2015-08-01,Faixa2,66571685619.09,1073662468.59,868854,76620.10604668908
2015-08-01,Faixa3,93499137201.19,1341170493.78,852461,109681.4249580802
2015-08-01,Sem Renda,1503427626.0,30630442.53,10396,144615.97018083878
2015-08-01,alta,173428622830.84,2370137522.7,854601,202935.19763122205
2015-08-01,indisponivel,360778094.9,6966252.58,4845,74464.0030753354
2015-09-01,Faixa1,136263622223.23,2731146970.33,2271470,59989.1797924824
2015-09-01,Faixa2,66757672927.14,1059575892.4,867885,76919.95244432153
2015-09-01,Faixa3,93455145315.04001,1357596461.8500001,849283,110040.05180256758
2015-09-01,Sem Renda,2138733783.32,34085838.21,16564,129119.40251871529
2015-09-01,alta,174042346622.65,2461293085.34,854623,203648.0958535518
2015-09-01,indisponivel,359086296.99,6269392.850000001,4700,76401.33978510638
2015-10-01,Faixa1,139022669253.04,3260027706.75,2298888,60473.876610361185
2015-10-01,Faixa2,67327815322.65,1289745286.57,871954,77214.8706498852
2015-10-01,Faixa3,93992374038.6,1599500751.0,852138,110301.82205065378
2015-10-01,Sem Renda,1756942940.8,31422961.130000003,10950,160451.41011872145
2015-10-01,alta,175147958695.09,2819222746.58,858240,204078.06522078905
2015-10-01,indisponivel,356804473.43,5966096.15,4615,77314.07874972915
2015-11-01,Faixa1,141818650293.27,3362285357.48,2324548,61009.12964295424
2015-11-01,Faixa2,67530388361.81,1347975755.97,871727,77467.3588885167
2015-11-01,Faixa3,94189002093.24,1680600406.81,851330,110637.47558906653
2015-11-01,Sem Renda,2018424291.93,33712701.78,14348,140676.35154237525
2015-11-01,alta,175504476871.61,2942283928.07,856790,204839.54863106477
2015-11-01,indisponivel,321765477.78000003,6250758.68,3776,85213.31509004238
2015-12-01,Faixa1,145428609900.45,3077085490.95,2401338,60561.49109390265
2015-12-01,Faixa2,67697142621.52,1228251472.0800002,871363,77691.0915674868
2015-12-01,Faixa3,94368259618.54,1537781027.26,851189,110866.39937609625
2015-12-01,Sem Renda,2665815599.44,33096349.61,23884,111615.12307151231
2015-12-01,alta,176414462517.42,2531306951.24,859125,205342.01951685728
2015-12-01,indisponivel,319332741.24,8406116.55,3680,86775.20142391305
2016-01-01,Faixa1,150058246113.47,3260394977.85,2468325,60793.55275884253
2016-01-01,Faixa2,69398961709.1,1324443686.8700001,880852,78786.17714337938
2016-01-01,Faixa3,96146185359.53,1626428113.01,856814,112213.60220483092
2016-01-01,Sem Renda,1484680430.11,31824104.93,10348,143475.10921047544
2016-01-01,alta,172275304276.1,2643163994.19,831160,207270.92771078975
2016-01-01,indisponivel,316359575.05,8968668.43,3481,90881.80840275783
2016-02-01,Faixa1,152041918443.08,3382728565.92,2486115,61156.43019051009
2016-02-01,Faixa2,69612630192.86,1356235312.54,880356,79073.27284968809
2016-02-01,Faixa3,96409434495.22,1700674661.65,855261,112725.1616702036
2016-02-01,Sem Renda,3396019981.31,40812976.37,31345,108343.2758433562
2016-02-01,alta,170989574585.97,2839122167.77,825784,207063.31750914283
2016-03-01,Faixa1,155033814382.18,3229595196.27,2526434,61364.68017061993
2016-03-01,Faixa2,69691733594.67,1304973141.26,879814,79211.89432615302
2016-03-01,Faixa3,96766509669.2,1633444919.3,858221,112752.43750642317
2016-03-01,Sem Renda,4133494376.34,46036610.5,38313,107887.51536919584
2016-03-01,alta,171193990436.33,2744163525.07,825153,207469.39105393787
2016-04-01,Faixa1,165447626963.36,3668625965.77,2768554,59759.58098103197
2016-04-01,Faixa2,69348503593.45,1234015706.46,799082,86785.2155266293
2016-04-01,Faixa3,101054395629.06,1673433540.05,810137,124737.41555941773
2016-04-01,Sem Renda,2851251840.67,49189005.54,34052,83732.28711000823
2016-04-01,alta,158696513953.84,2671042924.4,716259,221563.02951005154
2016-05-01,Faixa1,168451438722.24,3655492407.06,2796706,60232.0868629881
2016-05-01,Faixa2,69247718290.04,1224282347.28,796714,86916.65803543052
2016-05-01,Faixa3,100925064049.24,1695467226.67,808493,124831.0919813035
2016-05-01,Sem Renda,3410112595.95,46276602.09,39224,86939.44003543748
2016-05-01,alta,158764724274.6,2661019595.32,716915,221455.43652260033
2016-06-01,Faixa1,173815921861.09,2843600352.06,2999253,57953.07093502615
2016-06-01,Faixa2,69379179665.17,957766268.74,799134,86817.95501776923
2016-06-01,Faixa3,101006145980.0,1363946129.25,809759,124736.05848159762
2016-06-01,Sem Renda,1908877970.3999999,34116202.28,9949,191866.3152477636
2016-06-01,alta,158963653507.17,2192961546.06,717802,221458.91695365854
2016-07-01,Faixa1,174678566452.2,3059667592.27,3004948,58130.31255522559
2016-07-01,Faixa2,70487758223.64,1060823221.07,809604,87064.48859397927
2016-07-01,Faixa3,101644456297.76,1479406008.8799999,813462,124952.9250263196
2016-07-01,Sem Renda,3831741956.96,49555067.62,18897,202769.85537175214
2016-07-01,alta,158602650364.51,2263222803.84,717930,220916.59404748376
2016-08-01,Faixa1,178315985209.61002,3057806413.51,3036160,58730.76030565254
2016-08-01,Faixa2,70889797638.31,1059998951.5,811667,87338.52385068014
2016-08-01,Faixa3,102656392663.16,1485656994.12,818881,125361.79574707437
2016-08-01,Sem Renda,208512343.34,9798668.34,1956,106601.40252556237
2016-08-01,alta,161812916080.89,2368668929.3,729043,221952.49948341868
2016-09-01,Faixa1,180961209069.83,3429691450.2,3059732,59142.829852362884
2016-09-01,Faixa2,70953677775.64,1140330560.3,811361,87450.19513587664
2016-09-01,Faixa3,102781016204.23,1570296397.31,819134,125475.21675846686
2016-09-01,Sem Renda,528701979.34,13150017.96,6441,82083.83470579103
2016-09-01,alta,162293443674.47,2420387250.11,730944,222032.66416369792
2016-10-01,Faixa1,183145370407.33,3581586218.83,3073486,59588.809061544445
2016-10-01,Faixa2,70209056233.66,1178590640.56,803273,87403.72978260193
2016-10-01,Faixa3,100672614969.26,1632101140.55,802319,125477.04213568418
2016-10-01,Sem Renda,214626711.72,12651863.86,1952,109952.20887295083
2016-10-01,alta,159922455064.12,2519372526.12,718481,222584.11156887934
2016-11-01,Faixa1,187113553170.0,3472273792.17,3109692,60171.08870267538
2016-11-01,Faixa2,70245778351.36,1134577285.64,802252,87560.73945762678
2016-11-01,Faixa3,100629127192.69,1594229123.27,801037,125623.56943897723
2016-11-01,Sem Renda,245959753.5,12911670.479999999,6587,37340.17815393958
2016-11-01,alta,160108119132.86,2465740481.7,719027,222673.3059159948
2016-12-01,Faixa1,178127958151.97,2870944400.23,2984741,59679.53606425817
2016-12-01,Faixa2,70306821119.76,926046609.97,801187,87753.32240757775
2016-12-01,Faixa3,100535356483.9,1353804863.97,799689,125718.06850400592
2016-12-01,Sem Renda,15252732187.97,20956434.82,187977,81141.48107465275
2016-12-01,alta,159674610585.26,2156526743.11,717653,222495.5662210846
2017-01-01,Faixa1,197303696017.42,3204237438.2,3197968,61696.58233522662
2017-01-01,Faixa2,70698956712.7,1010249034.12,801065,88256.20481821075
2017-01-01,Faixa3,101467383342.67,1438447134.78,801095,126660.86212330623
2017-01-01,Sem Renda,331203500.26,12174842.54,14944,22162.97512446467
2017-01-01,alta,155913856863.44,2263116448.54,696793,223759.2181084483
2017-02-01,Faixa1,208134669605.84,3795863483.22,3326008,62577.922123410404
2017-02-01,Faixa2,69975550042.74,1138636932.49,768892,91008.29510872789
2017-02-01,Faixa3,100476972833.52,1596045850.66,770679,130374.60840832566
2017-02-01,Sem Renda,312725896.39,11183571.700000001,14126,22138.31915545802
2017-02-01,alta,150256688480.1,2381835864.27,660186,227597.50809635466
2017-03-01,Faixa1,186859754457.01,3889725696.92,3100390,60269.757823051295
2017-03-01,Faixa2,80099384032.29,1271796653.03,879606,91062.79860788806
2017-03-01,Faixa3,106861792053.6,1611136879.69,842337,126863.46682337354
2017-03-01,Sem Renda,365858320.69,17860754.05,12153,30104.362765572285
2017-03-01,alta,157744527715.78,2193655185.19,714232,220858.94739493608
2017-04-01,Faixa1,189119224081.78,4328995195.37,3122498,60566.6437838487
2017-04-01,Faixa2,80470576012.31,1407142115.69,882339,91201.42712983332
2017-04-01,Faixa3,107084249719.59,1725581050.72,843910,126890.60411606687
2017-04-01,Sem Renda,388326099.32,21322893.45,11223,34600.91769758532
2017-04-01,alta,158028804806.51,2264694322.96,715584,220838.9298901457
2017-05-01,Faixa1,191637465559.53,4422873825.66,3140855,61014.42618635053
2017-05-01,Faixa2,80321288842.44,1457033926.68,881495,91119.3924440184
2017-05-01,Faixa3,107028949932.33,1759605190.8600001,844535,126731.21887468253
2017-05-01,Sem Renda,379177121.34,17213753.46,10129,37434.80317306743
2017-05-01,alta,158699005977.86,2267827644.61,719131,220681.63655559276
2017-06-01,Faixa1,194496719179.31,3408488353.93,3164769,61456.84540619236
2017-06-01,Faixa2,81385545616.02,1123043197.14,890609,91381.903412182
2017-06-01,Faixa3,109456105736.02,1459124322.6299999,860488,127202.36160878479
2017-06-01,Sem Renda,165387714.44,3444351.23,827,199985.14442563482
2017-06-01,alta,156467021808.11,1835033109.98,707600,221123.54693062464
2017-07-01,Faixa1,192263430562.22,3977422858.73,3140850,61213.82127838642
2017-07-01,Faixa2,83442104286.44,1317228070.41,914000,91293.3307291466
2017-07-01,Faixa3,110996052869.77,1686253762.67,876352,126656.92880231916
2017-07-01,Sem Renda,178029845.74,5313444.04,1002,177674.496746507
2017-07-01,alta,159042311021.83,2094535208.74,722870,220015.0940305034
2017-08-01,Faixa1,195016330587.36002,3906245829.67,3167154,61574.628384777
2017-08-01,Faixa2,84040198499.64,1302503223.35,919420,91405.66715933959
2017-08-01,Faixa3,111080748640.39,1622945528.4,877518,126585.15111985167
2017-08-01,Sem Renda,184036643.9,6219793.8,1180,155963.25754237288
2017-08-01,alta,159140967213.91,1997933432.97,723152,220065.7223016876
2017-09-01,Faixa1,197099579782.47,3891787711.8,3186329,61857.88717438469
2017-09-01,Faixa2,84288886241.1,1317899724.29,920633,91555.36054117113
2017-09-01,Faixa3,111077957335.07,1603531726.91,877824,126537.8450977303
2017-09-01,Sem Renda,279949223.77,15129738.52,1959,142904.1468963757
2017-09-01,alta,159001972219.31,1960812528.1399999,722934,219939.8177694091
2017-10-01,Faixa1,193922532376.31,4067130934.33,3137453,61808.90434894483
2017-10-01,Faixa2,86440456075.26,1359711311.36,947985,91183.35846586179
2017-10-01,Faixa3,111343627059.26,1577100261.02,891823,124849.4679541344
2017-10-01,Sem Renda,255178308.48,6870798.36,1357,188045.9163448784
2017-10-01,alta,161491783397.51,1950582519.81,738260,218746.48958024275
2017-11-01,Faixa1,194333728479.48,3992341403.63,3130647,62074.62178887623
2017-11-01,Faixa2,87940409267.46,1359477007.18,964993,91130.61884123512
2017-11-01,Faixa3,112021806694.67,1611327446.6200001,900557,124391.68947070534
2017-11-01,Sem Renda,256394552.18,7146914.58,1378,186062.81
2017-11-01,alta,161314828740.18,1910185111.39,739028,218279.72517980373
2017-12-01,Faixa1,195710483951.64,3194297400.52,3139168,62344.69896215813
2017-12-01,Faixa2,88433678501.73,1071262960.22,970236,91146.56485816852
2017-12-01,Faixa3,112128443204.83,1291250855.11,903087,124161.28590582081
2017-12-01,Sem Renda,274936870.35,6964930.27,1546,177837.5616752911
2017-12-01,alta,161102070679.13998,1544496284.79,740313,217613.45630718357
2018-01-01,Faixa1,196901929861.88,4301847773.63,3149366,62521.132780972424
2018-01-01,Faixa2,89736785822.73,1450505327.08,981197,91456.4412882734
2018-01-01,Faixa3,112204169311.24,1693220249.8,904434,124060.09649265729
2018-01-01,Sem Renda,464128746.38,34923195.75,3363,138010.3319595599
2018-01-01,alta,160489856814.83002,2063400401.98,736894,217792.32401787778
2018-02-01,Faixa1,198769779200.21,4768308248.0,3171065,62682.341484709395
2018-02-01,Faixa2,89776183965.43,1523650232.19,983579,91275.0109197431
2018-02-01,Faixa3,112043540403.61,1693767028.33,905621,123720.1217767808
2018-02-01,Sem Renda,436254755.61,61094852.55,3260,133820.4771809816
2018-02-01,alta,160622338420.94,2082443587.58,738743,217426.5453898582
2018-03-01,Faixa1,198710583463.26,4543630204.64,3166471,62754.588140317726
2018-03-01,Faixa2,90781003248.98,1447174236.15,995410,91199.6094563848
2018-03-01,Faixa3,112778440200.68,1705328486.22,915742,123155.25573871243
2018-03-01,Sem Renda,489020859.46,67149063.75,3939,124148.47917237876
2018-03-01,alta,161569944715.98,1964201683.8700001,746232,216514.3611048307
2018-04-01,Faixa1,200096332759.23,4619561499.85,3182099,62881.8690930829
2018-04-01,Faixa2,91349140203.38,1453933170.6,1000974,91260.25271723342
2018-04-01,Faixa3,113094169560.19,1687971626.57,919478,122998.23330214535
2018-04-01,Sem Renda,487596959.41,52273187.26,3924,124260.18333588175
2018-04-01,alta,161837382536.88,1937336287.07,748617,216181.81598451544
2018-05-01,Faixa1,201551946319.32,4615210116.88,3193071,63121.6613471232
2018-05-01,Faixa2,92016728629.58,1448306428.78,1008143,91273.488611814
2018-05-01,Faixa3,113451536761.8,1722395165.78,923074,122906.2206949822
2018-05-01,Sem Renda,603207612.24,45606219.75,5881,102568.8849243326
2018-05-01,alta,162234744041.78,1902952706.75,751675,215830.9695570293
2018-06-01,Faixa1,203637890365.68,4292845501.91,3218558,63269.914777263606
2018-06-01,Faixa2,92804074297.47,1322033560.18,1013613,91557.69933640354
2018-06-01,Faixa3,113175416541.98,1558141198.29,919998,123017.02453916204
2018-06-01,Sem Renda,393330503.18,23895134.02,2464,159630.88603084415
2018-06-01,alta,163201896457.77,1691165325.7,758224,215242.32477179565
2018-07-01,Faixa1,205100841237.12,4372232059.83,3230470,63489.47405087185
2018-07-01,Faixa2,93361981933.83,1336331399.79,1020142,91518.61401043188
2018-07-01,Faixa3,113530027505.3,1581293231.84,923261,122966.34159278905
2018-07-01,Sem Renda,480268431.96999997,27675760.279999997,2837,169287.42755375395
2018-07-01,alta,163597454446.83,1732482487.81,760460,215129.59846254898
2018-08-01,Faixa1,207014098824.95,3997438702.78,3248568,63724.72388601686
2018-08-01,Faixa2,94051007821.06999,1214571667.47,1028243,91467.68596632313
2018-08-01,Faixa3,113912962562.84,1425207105.8,927254,122849.79365183649
2018-08-01,Sem Renda,431754693.39,38559591.51,2187,197418.6983950617
2018-08-01,alta,164167683044.4,1526993898.65,761511,215581.4992093351
2018-12-01,Faixa1,217009414128.03,3448489346.35,3501513,61975.89845533345
2018-12-01,Faixa2,96180032410.13,1031605577.12,1092349,88048.81261403636
2018-12-01,Faixa3,114589102051.33,1224070936.79,966713,118534.76890383185
2018-12-01,Sem Renda,74119402.0,923038.73,521,142263.7274472169
2018-12-01,alta,165223722456.81,1255923910.58,787725,209747.97354001715
2018-12-01,indisponivel,218905208.53,8897224.77,1183,185042.44169907016
2019-01-01,Faixa1,225917943340.23,4117778451.75,3636837,62119.34803243313
2019-01-01,Faixa2,95332928385.26001,1213759217.8,1079004,88352.71081966333
2019-01-01,Faixa3,113520726203.07,1359815232.8,955020,118867.3810004712
2019-01-01,Sem Renda,76921537.66,833183.3500000001,589,130596.83813242783
2019-01-01,alta,157628308116.48,1408307361.67,750413,210055.40697786422
2019-01-01,indisponivel,223092970.28,8573344.27,1191,187315.67613769943
2019-02-01,Faixa1,226789568127.69,4370766310.73,3640963,62288.34737614472
2019-02-01,Faixa2,96230082136.15001,1280009499.39,1087158,88515.26837511199
2019-02-01,Faixa3,113748965245.14,1376067705.95,957506,118797.13050898898
2019-02-01,Sem Renda,76274797.17,634498.0800000001,596,127977.84760067114
2019-02-01,alta,159380761224.74,1366759273.73,759686,209798.20771310778
2019-02-01,indisponivel,240645003.87,9585668.0,1294,185969.86388717155
2019-03-01,Faixa1,195064301746.04,4047946496.04,2972514,65622.668806956
2019-03-01,Faixa2,88204664587.39,1212765399.82,983315,89701.33130013272
2019-03-01,Faixa3,104479181479.21,1262986831.07,875426,119346.6740526441
2019-03-01,Sem Renda,60457365177.62,1518560163.24,898857,67260.27074119687
2019-03-01,alta,150568339861.64,1153736030.31,712617,211289.28984523244
2019-03-01,indisponivel,988119679.61,24604288.43,14505,68122.69421647707
2019-04-01,Faixa1,193965169686.15,4055188751.71,2916723,66501.05947193134
2019-04-01,Faixa2,87972527089.23,1179290383.14,975237,90206.30584076485
2019-04-01,Faixa3,103969865702.78,1240323885.49,869378,119591.09352063198
2019-04-01,Sem Renda,60370103125.37,1485679514.43,878847,68692.39256135595
2019-04-01,alta,150111780057.03,1086048054.16,710005,211423.55343558145
2019-04-01,indisponivel,5563381612.34,94981401.42999999,68570,81134.33881201693
2019-05-01,Faixa1,195890979931.69,4222542436.93,2934185,66761.63225280274
2019-05-01,Faixa2,88987412246.81,1209007365.35,985032,90339.61561331002
2019-05-01,Faixa3,105349612856.74,1263860977.09,880729,119616.37786054508
2019-05-01,Sem Renda,60981571903.5,1526514724.32,886223,68810.64010243471
2019-05-01,alta,150569897117.49,1113270818.93,711204,211711.263037736
2019-05-01,indisponivel,2939776337.08,55811161.29,37180,79068.75570414201
2019-06-01,Faixa1,199116529224.51,4135145532.82,2966080,67131.20658394582
2019-06-01,Faixa2,88717610972.26,1116301505.39,977604,90750.04907125993
2019-06-01,Faixa3,103362218090.0,1055067588.76,861323,120004.01485853738
2019-06-01,Sem Renda,61082545107.25,1452094741.49,887027,68862.10352926124
2019-06-01,alta,152690240021.55,1061157434.83,724650,210708.94917760298
2019-06-01,indisponivel,3229768976.55,51013402.67,40955,78861.40829080698
2019-07-01,Faixa1,199490766387.27,4493941226.64,2956810,67468.23988936387
2019-07-01,Faixa2,89992213937.75,1253937262.69,990706,90836.4478843875
2019-07-01,Faixa3,103825643306.54,1092189875.1,864611,120083.6483765994
2019-07-01,Sem Renda,62101962322.02,1677140372.86,895201,69372.08774567946
2019-07-01,alta,153552688684.15,1127908508.85,728381,210813.6932239446
2019-07-01,indisponivel,2954126439.15,50890181.03,37326,79143.93289262177
2019-08-01,Faixa1,198197978918.12,4541185048.9,2923662,67791.00283073762
2019-08-01,Faixa2,89854224793.18001,1279804537.46,986828,91053.5825829628
2019-08-01,Faixa3,104022724674.07,1077744427.42,864780,120288.07867211314
2019-08-01,Sem Renda,62167097672.25,1702944531.2,894952,69464.1697792172
2019-08-01,alta,153747115603.92,1101114824.89,728057,211174.5585907697
2019-08-01,indisponivel,5383437833.92,88546975.65,66164,81365.06006166496
2019-09-01,Faixa1,198774360772.97,4444812775.76,2916080,68164.92029470042
2019-09-01,Faixa2,90388334970.0,1278810325.2,990116,91290.65177211558
2019-09-01,Faixa3,104567172946.45,1052186216.6,868871,120348.32897685617
2019-09-01,Sem Renda,63128930464.78,1701774019.59,903386,69880.35066381369
2019-09-01,alta,156948197743.01,1084004122.74,737173,212905.5157242737
2019-09-01,indisponivel,5215331595.75,87600911.31,64349,81047.59352515191
2019-10-01,Faixa1,200075190284.61002,4358322236.77,2929720,68291.57403595225
2019-10-01,Faixa2,90790547619.94,1241734378.99,994279,91312.94900117573
2019-10-01,Faixa3,104923994296.38,1002950539.18,871008,120462.72169300397
2019-10-01,Sem Renda,68751092964.88,1714773800.44,974326,70562.72024443565
2019-10-01,alta,158245216753.13,1038611808.72,742078,213246.06948747975
2019-10-01,indisponivel,140569375.24,3138868.83,1090,128962.72957798166
2019-11-01,Faixa1,202166057415.05,4511729223.24,2944922,68649.03634631069
2019-11-01,Faixa2,92075201872.13,1290652369.75,1005760,91547.8860484907
2019-11-01,Faixa3,106503227783.43,1048085762.77,881399,120834.29613992073
2019-11-01,Sem Renda,67663817214.46,1798417778.98,959445,70523.91456983985
2019-11-01,alta,160396914444.05,1126079999.45,751034,213568.1133531238
2019-11-01,indisponivel,140366053.03,2599410.52,1062,132171.42469868175
2019-12-01,Faixa1,203872639408.69,3968633953.77,2965165,68755.91726217259
2019-12-01,Faixa2,93079024443.9,1140215166.66,1016212,91594.10088042651
2019-12-01,Faixa3,107680752741.64,945866196.61,891061,120845.54563788562
2019-12-01,Sem Renda,66105740428.57,1564709079.0,942697,70124.05940463372
2019-12-01,alta,161727267544.94,1071547164.23,755103,214179.0822509512
2019-12-01,indisponivel,139521688.62,2475243.2,1062,131376.35463276837
2020-01-01,Faixa1,206149950572.11,4776445742.9,2984782,69067.00408006682
2020-01-01,Faixa2,94123914116.12,1341604277.65,1018678,92398.10236023551
2020-01-01,Faixa3,109103201548.76001,1112646286.51,891014,122448.35832967833
2020-01-01,Sem Renda,66318843499.909996,1856213410.76,943977,70254.72389677927
2020-01-01,alta,158350523450.71,1175985223.36,733518,215878.16992999488
2020-01-01,indisponivel,164138816.99,4519953.2,1328,123598.50676957832
2020-02-01,Faixa1,206134411689.23,4980128413.81,2977404,69232.9330145422
2020-02-01,Faixa2,94743606520.64,1388266564.52,1023950,92527.57119062454
2020-02-01,Faixa3,109552331497.11,1089483229.52,893391,122625.29116267122
2020-02-01,Sem Renda,67134379152.03,1950562788.67,953550,70404.67636938808
2020-02-01,alta,159618398763.84,1154216822.75,736372,216763.2647138131
2020-02-01,indisponivel,160048720.98,4795289.94,1326,120700.3928959276
2020-03-01,Faixa1,206677888183.8,6920193326.71,2973305,69511.16289240425
2020-03-01,Faixa2,93973377364.05,1920367514.35,1013739,92699.77515321992
2020-03-01,Faixa3,109425709272.15001,1537029763.29,890750,122846.71262660681
2020-03-01,Sem Renda,69812417027.32,3070147352.75,982891,71027.62872721392
2020-03-01,alta,161437949724.16,1572595946.49,743314,217186.7470869108
2020-03-01,indisponivel,159445910.32,4561014.21,1321,120700.91621498864
2020-04-01,Faixa1,207939329588.79,7142644344.95,2976132,69868.98752770039
2020-04-01,Faixa2,96089599839.89,1904205183.04,1031538,93151.77903275497
2020-04-01,Faixa3,111396069932.06999,1527701358.09,904332,123180.50221828929
2020-04-01,Sem Renda,68887825703.59,2886968039.26,966576,71269.95259926793
2020-04-01,alta,163335307837.1,1553348541.9,749644,217883.8326420274
2020-04-01,indisponivel,149138016.2,4995551.28,1207,123560.9082021541
2020-05-01,Faixa1,209859643728.57,6255166911.3,2982416,70365.65111257786
2020-05-01,Faixa2,97586782170.69,1602137272.9,1038190,93997.03538917733
2020-05-01,Faixa3,112890823235.34,1262038596.25,908372,124278.18474737222
2020-05-01,Sem Renda,70028584357.54,2360519794.69,974941,71828.5356319408
2020-05-01,alta,163503691384.55,1362011121.05,745414,219346.15044062762
2020-05-01,indisponivel,152423527.68,4110019.98,1188,128302.63272727274
2020-06-01,Faixa1,205596336242.5,4397184482.77,2892238,71085.55251763514
2020-06-01,Faixa2,97729458857.36,1168638701.17,1031916,94706.79673283485
2020-06-01,Faixa3,113386104839.52,900876129.53,907732,124911.43293342089
2020-06-01,Sem Renda,76543941298.11,2042770102.81,1057634,72372.80694277037
2020-06-01,alta,164575821362.24,894591740.26,745354,220802.22466403883
2020-06-01,indisponivel,2742497240.46,48125972.34,33490,81890.03405374738
2020-07-01,Faixa1,208019756448.8,4034799112.67,2906045,71581.739597563
2020-07-01,Faixa2,99190253418.02,1052081075.5,1040299,95347.83116971179
2020-07-01,Faixa3,114789448086.59,804189296.1,913350,125679.58404400284
2020-07-01,Sem Renda,78989414013.88,1866020527.32,1059701,74539.34082715785
2020-07-01,alta,166583985286.65,840877140.67,747005,223002.5037136967
2020-07-01,indisponivel,137989233.23,1759017.09,1003,137576.50371884345
2020-08-01,Faixa1,203600478198.15,3488185341.5299997,2807764,72513.38723559031
2020-08-01,Faixa2,100268485980.73,916152051.1,1039080,96497.36880772414
2020-08-01,Faixa3,117528405248.96,688715292.0600001,918699,127929.17511498326
2020-08-01,Sem Renda,90039631359.03,2136513696.72,1204188,74772.07160263181
2020-08-01,alta,164211506082.85,735977305.6,733825,223774.7502236228
2020-08-01,indisponivel,95561479.28,1756716.25,704,135740.73761363636
2020-09-01,Faixa1,205914267217.28,3335432672.33,2819020,73044.62799741754
2020-09-01,Faixa2,101829834532.08,881643150.49,1049993,96981.44133539939
2020-09-01,Faixa3,119607768665.52,632136734.97,929989,128612.02515892124
2020-09-01,Sem Renda,88638122455.75,1975439283.51,1183894,74869.98198804115
2020-09-01,alta,167261269102.45,634758471.6,743916,224838.91877906915
2020-09-01,indisponivel,98255237.53,976044.24,744,132063.49130376344
2020-10-01,Faixa1,206549917793.18,3553271190.82,2824500,73127.9581494707
2020-10-01,Faixa2,102758502254.73999,919129669.01,1056205,97290.30089304633
2020-10-01,Faixa3,122408095414.33,673347238.15,941387,130029.51540049948
2020-10-01,Sem Renda,88049707030.27,1975311704.8899999,1175717,74890.22190737227
2020-10-01,alta,171812868479.78,599065113.87,759950,226084.43776535298
2020-10-01,indisponivel,101413009.59,1260674.26,740,137044.60755405406
2020-11-01,Faixa1,217551102704.34,4049106178.21,2941481,73959.71713036392
2020-11-01,Faixa2,102165991220.91,1029607801.14,1027707,99411.59418093873
2020-11-01,Faixa3,121232483907.35,728925816.25,909443,133304.10361875346
2020-11-01,Sem Renda,88962760954.25,2218229589.89,1183565,75165.0825719331
2020-11-01,alta,169421540303.06,614702750.39,731545,231594.14704913573
2020-11-01,indisponivel,105733885.26,1381915.01,757,139674.88145310438
2020-12-01,Faixa1,219381064668.73,3678202684.95,2949810,74371.25261244962
2020-12-01,Faixa2,103070399925.25,919700745.9,1030251,100043.969794982
2020-12-01,Faixa3,122477564634.64,655241687.73,912487,134223.9008716179
2020-12-01,Sem Renda,91066539220.36,1897161426.92,1203136,75690.97693058806
2020-12-01,alta,171908617230.43,575525614.08,733650,234319.65818909561
2020-12-01,indisponivel,112235860.46000001,1386431.56,771,145571.80345006485
2021-01-01,Faixa1,221291059884.58,4324112904.68,2964210,74654.3125772398
2021-01-01,Faixa2,104856575471.35,1096377520.6,1037820,101035.41603683683
2021-01-01,Faixa3,124368879750.74,778765293.59,913924,136082.2997872252
2021-01-01,Sem Renda,92402365095.81,2206055015.65,1215378,76027.67624213207
2021-01-01,alta,170801366829.76,656286457.06,717909,237915.06559990195
2021-01-01,indisponivel,118429261.68,1596100.21,809,146389.69305315206
2021-02-01,Faixa1,202658371920.78,4361340203.53,2701109,75027.83927667487
2021-02-01,Faixa2,102591801650.21,1202531937.59,1016788,100897.92724757767
2021-02-01,Faixa3,124092721914.71,889208643.3100001,913866,135788.7501173148
2021-02-01,Sem Renda,116349937316.61,3759861957.27,1510814,77011.42385271119
2021-02-01,alta,175287270428.11,713627066.51,736305,238063.39822235348
2021-02-01,indisponivel,113417594.11,1470552.79,788,143930.9569923858
2021-03-01,Faixa1,212456071854.62,4411226123.37,2799439,75892.37409874621
2021-03-01,Faixa2,101891786281.88,1123234664.69,991301,102785.921008735
2021-03-01,Faixa3,123652533836.49,849739724.28,892517,138543.61747338146
2021-03-01,Sem Renda,116590124453.79,3605956962.3,1511306,77145.27994581507
2021-03-01,alta,175533635886.27,703459567.51,721153,243406.92735975582
2021-03-01,indisponivel,118494193.13,1213609.55,797,148675.2736888331
2021-04-01,Faixa1,215437669950.54,4822398662.4,2824019,76287.61348650276
2021-04-01,Faixa2,103564427955.88,1256836851.58,1002646,103291.11965327743
2021-04-01,Faixa3,125795655634.58,963655170.48,903789,139186.9735464583
2021-04-01,Sem Renda,114038507555.22,3850261047.09,1484683,76810.00426031685
2021-04-01,alta,179922043272.63,769114331.9300001,731850,245845.5192630047
2021-04-01,indisponivel,140720796.85,3516438.21,927,151802.36984897518
2021-05-01,Faixa1,217561388389.8,5053709566.84,2839992,76606.3384649675
2021-05-01,Faixa2,105229027901.06,1372798547.61,1012898,103889.06671852447
2021-05-01,Faixa3,127949013359.84,1050733381.94,914162,139963.1721290537
2021-05-01,Sem Renda,113724962784.97,4208931199.53,1477600,76966.00080195587
2021-05-01,alta,183958798402.72,863222650.79,740238,248513.0436463948
2021-05-01,indisponivel,127255437.75,1939827.5,839,151675.134386174
2021-06-01,Faixa1,217283053625.88998,4775704816.4,2835157,76638.80823033433
2021-06-01,Faixa2,104803654244.29,1302204302.81,1009881,103778.22163630169
2021-06-01,Faixa3,129956054662.63,1025665000.13,922950,140805.08658392113
2021-06-01,Sem Renda,112987506546.31,3810178881.78,1466715,77034.39764801614
2021-06-01,alta,189868537057.23,828534552.21,753352,252031.63601773142
2021-06-01,indisponivel,2981534775.87,56711361.66,32410,91994.28496976242
2021-07-01,Faixa1,219447379601.41,4825887527.87,2844573,77145.982754322
2021-07-01,Faixa2,106332651424.48,1339330963.04,1016942,104561.17598100973
2021-07-01,Faixa3,131672184432.06,1056344861.61,928650,141788.8164885156
2021-07-01,Sem Renda,116216894490.95999,3826563856.57,1497876,77587.7939769113
2021-07-01,alta,193274396261.1,852076181.5,762644,253426.75778095677
2021-07-01,indisponivel,193388032.1,1848590.48,1049,184354.65405147758
2021-08-01,Faixa1,222437616078.37,4916734899.71,2872746,77430.31095626623
2021-08-01,Faixa2,107168302545.0,1336298864.4,1024937,104560.86817531224
2021-08-01,Faixa3,135210775551.18001,1076050488.64,946963,142783.58874758572
2021-08-01,Sem Renda,114330782751.2,3619904361.71,1475622,77479.72228063826
2021-08-01,alta,198832651507.53,860988958.75,773503,257054.79035961075
2021-08-01,indisponivel,192720677.54,1423054.9100000001,1081,178279.99772432933
2021-09-01,Faixa1,224466323503.33,5145424334.35,2885432,77792.96947678197
2021-09-01,Faixa2,107485373894.63,1374860925.2,1025729,104789.25124923835
2021-09-01,Faixa3,136295277725.68,1072161667.29,952345,143115.4442199833
2021-09-01,Sem Renda,115076578778.26,3520140923.85,1480724,77716.4270844938
2021-09-01,alta,204027564294.59,845887558.26,787537,259070.44912758385
2021-09-01,indisponivel,580085171.0,3842129.09,2790,207915.83189964158
2021-10-01,Faixa1,226487935861.78,5082878445.44,2892618,78298.59866106759
2021-10-01,Faixa2,108329498430.64,1302508069.84,1025790,105605.92170974566
2021-10-01,Faixa3,137405059849.47,989965491.58,954081,144018.23309495734
2021-10-01,Sem Renda,116794299828.44,3119853202.85,1492312,78263.99561783326
2021-10-01,alta,207606720821.45,792839518.45,794167,261414.43905557648
2021-10-01,indisponivel,224951742.73000002,1291310.38,1181,190475.65006773922
2021-11-01,Faixa1,227950821219.16,5185296821.63,2897266,78677.90572876636
2021-11-01,Faixa2,110551314989.23,1338050812.06,1045281,105762.29261722924
2021-11-01,Faixa3,140029175392.18,1001434181.22,970326,144311.47407384735
2021-11-01,Sem Renda,285227237.45,11589233.9,1526,186911.68902359108
2021-11-01,alta,212797539818.58,815599901.4,808397,263233.95536918123
2021-11-01,indisponivel,114250662771.94,3094536512.73,1466995,77880.74449602078
2021-12-01,Faixa1,230818089566.45,4986920183.14,2913563,79221.93189797166
2021-12-01,Faixa2,112272962325.34,1295637529.06,1051802,106743.43871312281
2021-12-01,Faixa3,142643043443.12,981170652.22,976579,146064.00858826577
2021-12-01,Sem Renda,251311845.37,10086939.68,1373,183038.48898033504
2021-12-01,alta,213890980828.6,737660309.84,803024,266356.89696522144
2021-12-01,indisponivel,116946297472.32,2942266353.1,1489946,78490.29258263051
2022-01-01,Faixa1,252895604766.47,6160057423.91,3131946,80747.1152971571
2022-01-01,Faixa2,110299273230.23,1407409549.71,991069,111293.23309500146
2022-01-01,Faixa3,139564107602.23,983420172.45,910398,153300.10347367855
2022-01-01,Sem Renda,230610397.88,7977714.09,1261,182878.98325138778
2022-01-01,alta,200819986535.4,802320096.1,723422,277597.2897360047
2022-01-01,indisponivel,117642336498.23,3600583860.34,1492769,78808.13206747326
2022-02-01,Faixa1,251489990765.56,7196353762.01,3127490,80412.72418634752
2022-02-01,Faixa2,110358120535.53,1647392373.19,988431,111649.79703745633
2022-02-01,Faixa3,139829772585.15,1163810419.79,909560,153733.42339719203
2022-02-01,Sem Renda,214495533.39000002,8910159.61,1173,182860.64227621484
2022-02-01,alta,206217896329.58002,885559054.17,738680,279170.81324738724
2022-02-01,indisponivel,119779780210.89,4317644162.88,1508314,79413.02687032674
2022-03-01,Faixa1,253155707378.78,6995967672.69,3131431,80843.4569941921
2022-03-01,Faixa2,110752002159.29,1563917782.54,987041,112206.08075985698
2022-03-01,Faixa3,140295987584.02,1091588194.11,909001,154340.8506525515
2022-03-01,Sem Renda,199666557.12,7031184.28,1108,180204.47393501806
2022-03-01,alta,208385941227.35,845788339.1,741897,280882.5769983569
2022-03-01,indisponivel,122098321926.94,4364439845.46,1525576,80034.24406711957
2022-04-01,Faixa1,254183532604.27,6471516303.36,3131801,81162.095741163
2022-04-01,Faixa2,111169412559.22,1509889461.54,986265,112717.58863917913
2022-04-01,Faixa3,140902578571.84,1096269032.29,910691,154720.51285434904
2022-04-01,Sem Renda,184844233.65,8611710.58,1018,181575.8680255403
2022-04-01,alta,210903121582.24,884381427.83,747377,282191.07837442146
2022-04-01,indisponivel,124864253348.71,4207810851.08,1547284,80698.98825859377
2022-05-01,Faixa1,255684400002.54,6139481248.5199995,3134400,81573.6345082121
2022-05-01,Faixa2,111667004590.96,1480507190.83,985646,113293.21540488167
2022-05-01,Faixa3,141796912830.31,1105291385.91,911656,155537.7388294598
2022-05-01,Sem Renda,165682090.32,7490331.67,922,179698.57952277656
2022-05-01,alta,213427409725.38998,921823175.09,751319,284070.29467561713
2022-05-01,indisponivel,128598019712.17,3948236887.61,1573631,81720.56836206836
2022-06-01,Faixa1,256366689209.9,5462788449.67,3130353,81897.05416925822
2022-06-01,Faixa2,112455104549.23,1348016414.3,987768,113847.68948703542
2022-06-01,Faixa3,143394567200.93,1038360071.1,918618,156098.14656465471
2022-06-01,Sem Renda,149451940.31,6231064.82,812,184054.113682266
2022-06-01,alta,216556243500.04,852636865.77,756687,286189.98806645285
2022-06-01,indisponivel,132918993811.0,3417757065.36,1603650,82885.28906619275
2022-07-01,Faixa1,258465946704.68,5696018597.57,3136719,82400.09599351425
2022-07-01,Faixa2,113149709489.62,1424920673.07,988689,114444.18769665688
2022-07-01,Faixa3,144071253243.61002,1098512509.89,918582,156840.9279123802
2022-07-01,Sem Renda,34323891.19,1644148.53,152,225815.07361842104
2022-07-01,alta,219701058910.86002,971102480.91,760892,288741.44939210825
2022-07-01,indisponivel,137675218397.99,3499952564.48,1633834,84265.1202006997
2022-08-01,Faixa1,260147896000.45,5649749705.84,3139079,82873.956342115
2022-08-01,Faixa2,113347891935.1,1401845428.8700001,985881,114971.16988267348
2022-08-01,Faixa3,145176551889.62,1100763031.36,920593,157698.95262034363
2022-08-01,Sem Renda,34932651.86,1725302.5899999999,155,225371.94748387096
2022-08-01,alta,223429714026.86,965353359.08,768501,290734.44800574105
2022-08-01,indisponivel,142079106307.7,3425692024.11,1662015,85486.05536514413
2022-09-01,Faixa1,261972659236.82,5397799796.37,3143543,83336.75067807884
2022-09-01,Faixa2,113646762752.12,1382475554.16,983690,115531.07457849526
2022-09-01,Faixa3,145564401347.57,1071377612.44,919678,158277.57252817834
2022-09-01,Sem Renda,36004163.76,2154013.67,165,218207.0530909091
2022-09-01,alta,226789236554.75,954969799.2,775750,292348.35521076375
2022-09-01,indisponivel,147099398301.88,3398441905.85,1692743,86900.018669036
2022-10-01,Faixa1,264000822518.8,5688224576.26,3148650,83845.71880609149
2022-10-01,Faixa2,114052735683.2,1507336142.56,982893,116037.79422907681
2022-10-01,Faixa3,145942897488.32,1180081510.98,918793,158841.9779953918
2022-10-01,Sem Renda,36336231.480000004,2295953.18,166,218892.96072289158
2022-10-01,alta,228914397498.26,1037817073.54,779464,293681.80890748004
2022-10-01,indisponivel,151829297118.26,3587974329.89,1720548,88244.73197972972
2022-11-01,Faixa1,266050259175.93,5827811088.66,3153451,84367.96994021154
2022-11-01,Faixa2,114482778287.56,1564952158.7,981668,116620.6683803078
2022-11-01,Faixa3,146952436953.19,1249141540.34,920835,159586.06802868049
2022-11-01,Sem Renda,35999975.21,1885080.6199999999,165,218181.66793939396
2022-11-01,alta,230566332940.35,1117335773.09,779778,295682.01839542796
2022-11-01,indisponivel,156593586259.92,3674621994.5299997,1747971,89585.91776403614
2022-12-01,Faixa1,283021343808.6,5662730219.68,3311995,85453.43329582321
2022-12-01,Faixa2,110048503425.17,1385963445.75,914974,120275.00609325511
2022-12-01,Faixa3,142905603728.52,1190680788.95,866682,164888.16397308354
2022-12-01,Sem Renda,36946604.08,1718899.85,166,222569.90409638552
2022-12-01,alta,226907241076.04,1053719360.82,747385,303601.5454899951
2022-12-01,indisponivel,161204655151.02,3523734661.0,1779085,90610.9911280349
2023-01-01,Faixa1,288781609189.34,6365416022.46,3334258,86610.45701602576
2023-01-01,Faixa2,114997726074.45,1673485826.29,936175,122837.85197687398
2023-01-01,Faixa3,142632245376.78,1195688057.68,857781,166280.49044777162
2023-01-01,Sem Renda,37513795.15,2453437.66,170,220669.3832352941
2023-01-01,alta,220656034643.69,1166141664.12,716033,308164.616216976
2023-01-01,indisponivel,165045147048.98,3942725834.4700003,1800631,91659.61657273478
2023-02-01,Faixa1,284241498243.93,6912001925.38,3294013,86290.3389403533
2023-02-01,Faixa2,116280218638.76,1830747164.64,949708,122437.86367889919
2023-02-01,Faixa3,144532618742.23,1295262985.93,871070,165925.37768747634
2023-02-01,Sem Renda,35942838.54,1883646.49,167,215226.57808383234
2023-02-01,alta,224267486951.2,1278917241.13,728878,307688.648787863
2023-02-01,indisponivel,169174659504.56,4358989016.17,1822858,92807.37144887862
2023-03-01,Faixa1,285021214493.93,6816477224.14,3290591,86617.02851977957
2023-03-01,Faixa2,116825108477.38,1774759994.5900002,951310,122804.45751372319
2023-03-01,Faixa3,145964479707.7,1239996088.3799999,873001,167198.5252109677
2023-03-01,Sem Renda,35846667.01,1243866.02,164,218577.23786585365
2023-03-01,alta,226715336439.76,1220045554.17,730643,310295.63882738905
2023-03-01,indisponivel,175180556365.31,4238574663.75,1852446,94567.15950981027
2023-04-01,Faixa1,286222839198.16,7647763608.7,3290940,86972.97404333108
2023-04-01,Faixa2,116924170139.73,1982698752.72,949339,123163.76988592061
2023-04-01,Faixa3,146244181816.78,1393836454.87,872532,167608.9608367143
2023-04-01,Sem Renda,36181630.199999996,1605236.6199999999,165,219282.60727272724
2023-04-01,alta,228543542552.82,1349357570.4,733654,311514.06869289884
2023-04-01,indisponivel,180509714298.56,4802531953.74,1881785,95924.72801013931
2023-05-01,Faixa1,290546671973.85,7820014403.48,3312456,87713.36795835174
2023-05-01,Faixa2,118018118757.88,2060195709.88,948134,124474.09201429335
2023-05-01,Faixa3,144965684930.47998,1422616594.9,860505,168465.82521946993
2023-05-01,Sem Renda,1511481661.91,41265836.58,14897,101462.15089682487
2023-05-01,alta,227552692387.04,1378949849.18,723591,314476.95229354704
2023-05-01,indisponivel,184870570866.63998,4852763091.95,1899687,97316.33204135207
2023-06-01,Faixa1,291458579875.27,7245022461.26,3313299,87966.2776813291
2023-06-01,Faixa2,117307920576.15,1932771299.89,942548,124458.29875629676
2023-06-01,Faixa3,145776169000.4,1348700412.82,860848,169340.19594678734
2023-06-01,Sem Renda,41925856.49,3053985.02,187,224202.44112299467
2023-06-01,alta,229263870208.51,1272431423.09,726518,315565.2994261808
2023-06-01,indisponivel,192289361948.84,4523435763.83,1947501,98736.46378042424
2023-07-01,Faixa1,292472025939.57,7603639864.88,3312255,88299.97265898006
2023-07-01,Faixa2,117372391985.08,2095473796.43,940391,124812.33017444871
2023-07-01,Faixa3,145892489372.37,1424937661.31,859338,169773.11531943193
2023-07-01,Sem Renda,38089888.84,1951827.5,169,225383.9576331361
2023-07-01,alta,230953536245.15,1395894141.16,729266,316693.1356256153
2023-07-01,indisponivel,198674517858.33002,4897913625.97,1980568,100311.88924507011
2023-08-01,Faixa1,292783027234.07,7523509342.86,3288405,89034.96595889801
2023-08-01,Faixa2,118016895681.78,2038506815.87,945232,124854.95167512314
2023-08-01,Faixa3,146589121048.31,1410612158.6,863997,169663.92365750112
2023-08-01,Sem Renda,35324794.68,1609563.84,148,238681.04513513512
2023-08-01,alta,232775994904.27,1340342228.47,732734,317681.44361292094
2023-08-01,indisponivel,204147660051.98,4759979292.07,1993136,102425.35384037015
2023-09-01,Faixa1,293991772100.07,7180465575.42,3298580,89126.76730595286
2023-09-01,Faixa2,118927167191.42,1956108688.94,947006,125582.27423207456
2023-09-01,Faixa3,145737563950.81,1336221794.76,859163,169627.37449216272
2023-09-01,Sem Renda,38377736.71,1299993.1300000001,165,232592.3436969697
2023-09-01,alta,235049111378.96,1258710052.58,738513,318273.49197503633
2023-09-01,indisponivel,211250009808.71,4548244130.12,2050362,103030.59157783356
2023-10-01,Faixa1,295780701255.63,6804080985.45,3303428,89537.50505705891
2023-10-01,Faixa2,119130112754.63,1847472503.46,945803,125956.581608041
2023-10-01,Faixa3,145831503758.05,1291304895.25,857130,170139.30647398875
2023-10-01,Sem Renda,37634741.32,1269924.59,162,232313.21802469136
2023-10-01,alta,235830944416.76,1246208560.8700001,738193,319470.5780422735
2023-10-01,indisponivel,217792603270.35,4306415926.81,2087022,104355.68157419999
2023-11-01,Faixa1,297037358824.35,6532871958.45,3305845,89852.1735968716
2023-11-01,Faixa2,117281382975.68,1766277054.27,935099,125421.35429048688
2023-11-01,Faixa3,147795825709.25,1288165774.84,864665,170928.4239667964
2023-11-01,Sem Renda,23006986.38,1643158.1300000001,116,198336.0894827586
2023-11-01,alta,237276338526.66998,1202411178.06,740031,320630.268903154
2023-11-01,indisponivel,223996841413.52002,4153513761.54,2121152,105601.50400042997
2023-12-01,Faixa1,296973462231.01,6017745898.47,3301481,89951.58906896935
2023-12-01,Faixa2,117358408028.4,1663277332.43,933639,125699.98471400616
2023-12-01,Faixa3,148791937485.44,1208141856.32,869190,171184.5942606795
2023-12-01,Sem Renda,20650894.38,978891.6100000001,97,212895.81835051544
2023-12-01,alta,238724832797.88998,1170719042.55,743600,321039.31253078266
2023-12-01,indisponivel,230655861295.93,3970021679.83,2157604,106903.70489484168
