data_base,regime,carteira_ativa,carteira_inadimplida_arrastada,numero_de_operacoes,ticket_medio
2012-07-01,Aposentado,3675046499.52,42871711.74,68086,53976.537019651616
2012-07-01,Empresa_Privada,52697091878.2,538950421.97,708779,74349.11570207356
2012-07-01,Empresario,30155553085.98,437804661.67,282695,106671.68887309644
2012-07-01,Setor_Publico,37267026894.82,271862439.34,467847,79656.44087665412
2012-07-01,outro,92161253753.44,1397195315.78,1629975,56541.51367563306
2012-08-01,Aposentado,3764772973.63,43222871.95,68386,55051.80846415933
2012-08-01,Empresa_Privada,54135745859.89,550537251.92,716334,75573.33012238704
2012-08-01,Empresario,31131945624.64,440582487.7,287270,108371.72564012949
2012-08-01,Setor_Publico,38292379697.41,267084100.61,472946,80965.64871551933
2012-08-01,outro,95910630576.03,1479709850.23,1666173,57563.428633179145
2012-09-01,Aposentado,3733912053.99,43485661.6,67313,55470.890526198506
2012-09-01,Empresa_Privada,54522772565.71,585565383.33,712276,76547.25494851715
2012-09-01,Empresario,31578862685.24,491184696.62,286997,110032.03059697489
2012-09-01,Setor_Publico,38351720410.96,283326178.63,468039,81941.29209523137
2012-09-01,outro,98071641386.8,1576373002.66,1681851,58311.729984879756
2012-10-01,Aposentado,3769922216.52,42251989.4,67181,56115.89908634882
2012-10-01,Empresa_Privada,55712020960.75,589288499.11,718376,77552.73138405236
2012-10-01,Empresario,32416235985.62,493877288.27,290444,111609.24648338405
2012-10-01,Setor_Publico,39200789400.07,288969061.84,472122,83031.05849773998
2012-10-01,outro,101315917772.46,1559636558.52,1708981,59284.402677654114
2012-11-01,Aposentado,3806457267.57,44110065.49,67045,56774.66280214782
2012-11-01,Empresa_Privada,56781153993.91,623777339.6,722973,78538.41567238334
2012-11-01,Empresario,33150560790.08,508027189.8,293132,113090.89689996316
2012-11-01,Setor_Publico,39941846173.63,294965523.59,474932,84100.13680617436
2012-11-01,outro,104307499247.7,1629438911.3700001,1730540,60274.53814861257
2012-12-01,Aposentado,3857284082.9900002,43607610.53,66939,57623.86774511122
2012-12-01,Empresa_Privada,58100740546.56,580452273.26,729301,79666.33879092446
2012-12-01,Empresario,34006732356.8,500294570.95,296935,114525.84692542139
2012-12-01,Setor_Publico,41022849833.06,277576383.18,480198,85429.03101024994
2012-12-01,outro,107815760099.45,1579617940.26,1759575,61273.75082019806
2013-01-01,Aposentado,3883773913.61,40193768.44,66857,58090.759585533306
2013-01-01,Empresa_Privada,59093370516.67,578096934.74,734288,80477.10233133321
2013-01-01,Empresario,34675649911.62,498221946.19,299960,115600.91316048807
2013-01-01,Setor_Publico,41711865205.83,265954823.33,483390,86290.29397759573
2013-01-01,outro,110942983850.63,1638233569.41,1786947,62085.21229260297
2013-02-01,Aposentado,3908506969.26,44335301.63,66773,58534.24242223654
2013-02-01,Empresa_Privada,59956069714.18,653972009.7,738197,81219.6063031684
2013-02-01,Empresario,35291830087.11,559882957.65,302480,116674.92094389712
2013-02-01,Setor_Publico,42348957690.4,308879826.43,486426,87061.45989400239
2013-02-01,outro,113744525544.16,1925051868.02,1812942,62740.300320782466
2013-03-01,Aposentado,3958991331.19,48104125.25,66861,59212.26621184248
2013-03-01,Empresa_Privada,61294215425.47,736018090.87,744815,82294.55022451213
2013-03-01,Empresario,36165407376.42,620770212.57,306155,118127.7698434453
2013-03-01,Setor_Publico,43265309532.33,347327549.35,490865,88140.95429971581
2013-03-01,outro,117487011067.53,2204917188.84,1845536,63660.102575907484
2013-04-01,Aposentado,4000500523.73,51876660.43,66609,60059.45928823432
2013-04-01,Empresa_Privada,62657682872.43,745170223.12,750900,83443.44502920496
2013-04-01,Empresario,37089493771.94,619536571.19,309835,119707.2434422838
2013-04-01,Setor_Publico,44191336233.66,358475678.83,495012,89273.26253436282
2013-04-01,outro,121433235466.15,2247535130.55,1878825,64632.54186321238
2013-05-01,Aposentado,4050376179.98,54085305.65,66738,60690.70364679793
2013-05-01,Empresa_Privada,64204369952.8,788272897.62,759173,84571.46125165148
2013-05-01,Empresario,38193931002.08,644586938.81,314807,121324.91018967178
2013-05-01,Setor_Publico,45250038689.97,380046263.53,500246,90455.57323790695
2013-05-01,outro,126694590580.72,2406827364.6,1931861,65581.62858545205
2013-06-01,Aposentado,4101801238.69,45163539.55,66661,61532.24882149983
2013-06-01,Empresa_Privada,65799380968.92,705475016.36,766380,85857.38271995615
2013-06-01,Empresario,39271825217.73,604843809.98,318854,123165.54039695284
2013-06-01,Setor_Publico,46357616773.21,345493044.11,505062,91785.9921617742
2013-06-01,outro,131343031276.83,2191269292.25,1973221,66562.75768240355
2013-07-01,Aposentado,4144696232.58,47669913.96,66572,62258.851057201224
2013-07-01,Empresa_Privada,67202342813.65,718224596.76,773113,86924.34717001267
2013-07-01,Empresario,40223368005.2,604436726.3,322928,124558.31642099786
2013-07-01,Setor_Publico,47307293665.58,346646345.13,509413,92866.28661926571
2013-07-01,outro,136092602002.58,2228780778.58,2016766,67480.61103895048
2013-08-01,Aposentado,4195746622.39,49211116.48,66560,63037.05862965745
2013-08-01,Empresa_Privada,68667884671.58,737859476.02,779593,88081.71016361102
2013-08-01,Empresario,41273477550.88,588406585.5,327129,126168.81276462802
2013-08-01,Setor_Publico,48248256867.479996,366544782.8,513676,93927.41118424843
2013-08-01,outro,140628416059.9,2381960752.75,2057233,68358.04017332991
2013-09-01,Aposentado,4163103860.06,48758431.52,65379,63676.46889765827
2013-09-01,Empresa_Privada,69283161563.15,813813592.67,776641,89208.73552020817
2013-09-01,Empresario,41858500866.95,651095591.92,326576,128173.84274089338
2013-09-01,Setor_Publico,48422873042.39,393374795.71,509357,95066.66845138086
2013-09-01,outro,144160648660.9,2703325751.5,2085293,69132.08295472147
2013-10-01,Aposentado,4164756806.36,55797702.019999996,65200,63876.63813435583
2013-10-01,Empresa_Privada,69265898780.69,856689124.66,778491,88974.56589824417
2013-10-01,Empresario,41183152950.32,674894950.7,326234,126238.07742393497
2013-10-01,Setor_Publico,48930403346.97,434350008.76,511835,95598.00198690985
2013-10-01,outro,147303744227.61,2854719724.48,2118723,69524.77706033776
2013-11-01,Aposentado,4219415093.42,55402213.47,65372,64544.68416783944
2013-11-01,Empresa_Privada,70758058899.86,864903967.59,785733,90053.5664148763
2013-11-01,Empresario,42171323547.450005,682342724.96,330279,127683.9385714805
2013-11-01,Setor_Publico,49903418075.53,427596741.54,516798,96562.71517213689
2013-11-01,outro,151441328829.33,2839113051.48,2154220,70299.84348364141
2013-12-01,Aposentado,4248075846.5,54946442.95,65083,65271.666126330994
2013-12-01,Empresa_Privada,71849459224.98,757641616.02,788456,91126.7835173808
2013-12-01,Empresario,43163585321.72,651761030.74,333159,129558.51506854084
2013-12-01,Setor_Publico,50795787297.08,383644445.46,519559,97767.12037916773
2013-12-01,outro,155668482505.29,2523103456.64,2184587,71257.62558565532
2014-01-01,Aposentado,4272401129.17,49865839.11,64424,66316.91806112629
2014-01-01,Empresa_Privada,72907455495.77,791818718.17,791865,92070.56189599237
2014-01-01,Empresario,43953470903.83,711288666.54,335883,130859.46863589405
2014-01-01,Setor_Publico,51565771029.11,396800815.49,522130,98760.40646794859
2014-01-01,outro,159338278716.72,2751587886.96,2212439,72019.28673139463
2014-02-01,Aposentado,4304289860.46,51351269.61,64396,66840.95068730977
2014-02-01,Empresa_Privada,74070407395.64,863057797.98,795130,93155.09086016123
2014-02-01,Empresario,44751488562.8,754405505.17,338321,132275.23140094764
2014-02-01,Setor_Publico,52324679827.57,417542194.64,524936,99678.20806264001
2014-02-01,outro,163396874248.15,3089934746.68,2246265,72741.58402866535
2014-03-01,Aposentado,4322838539.11,52534379.67,64368,67158.19256633731
2014-03-01,Empresa_Privada,74990433164.05,893872635.09,798592,93903.31128292045
2014-03-01,Empresario,45404969490.7,799202340.72,341079,133121.56271919407
2014-03-01,Setor_Publico,53012215174.84,416386800.83,527865,100427.60019103368
2014-03-01,outro,167145056156.49,3126593506.86,2277256,73397.5697754183
2014-04-01,Aposentado,4348452039.5,59483979.13,64225,67706.53233943168
2014-04-01,Empresa_Privada,76066302650.32,1004116897.21,803059,94720.69007422868
2014-04-01,Empresario,46153912808.76,856530668.15,344386,134017.97055850123
2014-04-01,Setor_Publico,53744382332.72,461791555.14,531142,101186.4667691879
2014-04-01,outro,171258558130.47,3626890747.09,2311886,74077.42342419566
2014-05-01,Aposentado,4395764585.77,58123534.11,64136,68538.1780243545
2014-05-01,Empresa_Privada,77426043418.7,948979347.28,808122,95809.84482380135
2014-05-01,Empresario,47055678821.38,861096561.78,347735,135320.5136709851
2014-05-01,Setor_Publico,54678519116.71,444518966.28,534746,102251.38498784469
2014-05-01,outro,176457099560.87,3623099574.71,2353385,74980.12418744489
2014-06-01,Aposentado,4445432447.89,54169792.19,64268,69170.23165323334
2014-06-01,Empresa_Privada,78637084466.75,862727316.7,814478,96549.05898839502
2014-06-01,Empresario,47903204734.04,814800540.88,351889,136131.57766807146
2014-06-01,Setor_Publico,55492293748.06,403505550.88,538760,103000.02551796718
2014-06-01,outro,181383365082.37,3254611094.11,2397225,75663.88848871924
2014-07-01,Aposentado,4471235877.29,53395493.51,64085,69770.39677444019
2014-07-01,Empresa_Privada,79921422230.1,921562803.5699999,819328,97545.08845065713
2014-07-01,Empresario,48791722817.36,840749474.5,355410,137282.9206194536
2014-07-01,Setor_Publico,56268964396.270004,420100322.9,541417,103929.06834523114
2014-07-01,outro,186650710778.55,3449025346.13,2437449,76576.25278664292
2014-08-01,Aposentado,4526177697.15,51575050.55,64101,70610.09496185706
2014-08-01,Empresa_Privada,81567857350.49,958291681.3100001,824651,98911.97288366836
2014-08-01,Empresario,50409625817.04,862442595.5,359776,140113.92037556702
2014-08-01,Setor_Publico,57670556537.81,430907872.48,546681,105492.15454316136
2014-08-01,outro,192464585977.7,3560525462.78,2479379,77626.12572652266
2014-09-01,Aposentado,4513848220.05,43714926.18,63428,71164.91486488617
2014-09-01,Empresa_Privada,82066998261.05,920320756.98,820308,100044.12764601833
2014-09-01,Empresario,51007731897.42,801559426.26,360132,141636.21088217653
2014-09-01,Setor_Publico,58214646791.96,408288357.77,545947,106630.58280741537
2014-09-01,outro,196655905061.4,3549623539.37,2509160,78375.19530894801
2014-10-01,Aposentado,4571763605.9,54734292.0,63507,71988.34153557874
2014-10-01,Empresa_Privada,83479597023.73,1079609743.73,825563,101118.38469472347
2014-10-01,Empresario,52017938539.03,904862328.4,363808,142981.84355217588
2014-10-01,Setor_Publico,59198654952.07,494594374.47,549976,107638.61505242047
2014-10-01,outro,202398070145.86,4120469723.9,2554332,79237.18222449548
2014-11-01,Aposentado,4594027713.1,51913281.46,63450,72403.90406776991
2014-11-01,Empresa_Privada,84778111746.7,1035494273.49,830634,102064.3409091128
2014-11-01,Empresario,53034335345.23,890086624.43,367426,144340.18100305912
2014-11-01,Setor_Publico,60115020370.32,476200973.22,553803,108549.46681458931
2014-11-01,outro,207369917914.71,4035021049.05,2595601,79892.83326470824
2014-12-01,Aposentado,4634781885.69,46217708.25,63414,73087.67599725613
2014-12-01,Empresa_Privada,86025764486.71,834050980.4,835626,102947.68770563626
2014-12-01,Empresario,53924389062.59,762660929.65,371051,145328.7797704089
2014-12-01,Setor_Publico,61037178545.54,389065933.02,557531,109477.64078686207
2014-12-01,outro,212766802490.92,3438616603.17,2639650,80604.17195117535
2015-01-01,Aposentado,4665209370.62,48333869.77,63382,73604.64123284213
2015-01-01,Empresa_Privada,87197440020.31,955231943.99,840426,103753.85818657442
2015-01-01,Empresario,54733956236.76,907746768.21,374311,146225.88231914103
2015-01-01,Setor_Publico,61950931013.01,452975815.26,561196,110390.89910300501
2015-01-01,outro,217342405466.92,4085475703.8,2677659,81168.81405246897
2015-02-01,Aposentado,4677839266.36,51751242.48,63271,73933.38601191698
2015-02-01,Empresa_Privada,87764617977.7,1025839823.56,842068,104225.0958090083
2015-02-01,Empresario,55225920000.29,1009024323.18,376082,146845.42200980106
2015-02-01,Setor_Publico,62389753512.71,486486273.19,563045,110807.75695141595
2015-02-01,outro,220773379668.12,4518586726.6,2709019,81495.69259873038
2015-03-01,Aposentado,4699481873.08,46295406.52,63219,74336.54238567519
2015-03-01,Empresa_Privada,88811935712.47,969416315.91,844928,105111.83877498438
2015-03-01,Empresario,55947555403.89,1004127186.7,378644,147757.67053984746
2015-03-01,Setor_Publico,63192440699.64,451851678.44,565933,111660.6395096946
2015-03-01,outro,225863817092.74,4347610226.86,2750040,82131.10249041468
2015-04-01,Aposentado,4750278300.12,48899096.57,63431,74888.90763380681
2015-04-01,Empresa_Privada,89895292098.47,1045558558.03,848785,105910.55697081122
2015-04-01,Empresario,56600619234.74,1083522754.98,381403,148401.08555711413
2015-04-01,Setor_Publico,64288919320.47,499843008.95,573721,112056.06788050289
2015-04-01,outro,231078554100.75,4819716321.45,2789801,82829.76244569058
2015-05-01,Aposentado,4758466999.2699995,53620746.08,63334,75132.89858954116
2015-05-01,Empresa_Privada,90414316332.99,1095331538.05,849879,106384.92812858066
2015-05-01,Empresario,57043109326.14,1108413387.56,382739,149039.1868248075
2015-05-01,Setor_Publico,64717852395.38,519951954.4,575200,112513.65159141168
2015-05-01,outro,235135409715.51,5082158633.19,2824473,83249.30339766393
2015-06-01,Aposentado,4766541642.17,45774355.65,63243,75368.68336685484
2015-06-01,Empresa_Privada,90948188014.37,965246750.94,851009,106871.00608145155
2015-06-01,Empresario,57445235570.5,1011040320.36,384108,149554.90531439075
2015-06-01,Setor_Publico,65155110945.4,450220298.01,576662,112986.65586669488
2015-06-01,outro,239257174239.8,4595038291.37,2860682,83636.41056216664
2015-07-01,Aposentado,4774168424.2300005,47398287.24,63046,75725.15979173937
2015-07-01,Empresa_Privada,91557026218.83,1011288187.25,852512,107396.75948119206
2015-07-01,Empresario,57847935662.18,1102878634.38,385573,150031.08532542476
2015-07-01,Setor_Publico,65552491288.3,468033333.84,578042,113404.37422938127
2015-07-01,outro,243690304007.71,4844923708.27,2899575,84043.45602638663
2015-08-01,Aposentado,4779251002.22,49465027.21,63298,75503.98120351354
2015-08-01,Empresa_Privada,92083333516.07,1029840470.74,855668,107615.72656225313
2015-08-01,Empresario,58198680460.76,1118622334.36,387797,150075.11780844102
2015-08-01,Setor_Publico,66021947296.58,488540702.04,583067,113232.17965787809
2015-08-01,outro,247602030188.56,4933403674.61,2946502,84032.53423502173
2015-09-01,Aposentado,4766025613.559999,49888518.39,62944,75718.50555350787
2015-09-01,Empresa_Privada,92364866718.9,1041904664.37,854432,108100.89827967585
2015-09-01,Empresario,58479107559.49,1149502106.16,388348,150584.2892444148
2015-09-01,Setor_Publico,66196504372.19,483376840.66,581985,113742.62974507935
2015-09-01,outro,251210102904.23,4925295511.4,2976816,84388.85806318899
2015-10-01,Aposentado,4766299927.72,52839097.62,62858,75826.46485284292
2015-10-01,Empresa_Privada,92923589010.43,1228464074.51,856478,108495.00980810948
2015-10-01,Empresario,58738707575.8,1337147683.98,389483,150811.99327262037
2015-10-01,Setor_Publico,66504619561.31,580289208.46,583109,114051.78030404264
2015-10-01,outro,254671348648.35,5807145483.61,3004857,84753.2340635012
2015-11-01,Aposentado,4749714224.71,56570057.6,62446,76061.14442414246
2015-11-01,Empresa_Privada,93207900485.55,1284501369.3,856004,108887.22539328088
2015-11-01,Empresario,58736796068.520004,1391813037.3,388496,151190.22092510606
2015-11-01,Setor_Publico,66755787221.64,605715034.84,583223,114460.14169818406
2015-11-01,outro,257932509389.22,6034509409.75,3032350,85060.26988613451
2015-12-01,Aposentado,4747250954.0,50094794.63,62318,76177.8451490741
2015-12-01,Empresa_Privada,93701091853.99,1091592211.69,857233,109306.44510184512
2015-12-01,Empresario,59039614237.06,1255625421.76,390617,151144.50788639512
2015-12-01,Setor_Publico,67101816431.41,510320778.91,584156,114869.686233489
2015-12-01,outro,262303849522.15,5508294200.7,3116255,84172.78095731896
2016-01-01,Aposentado,14922202052.22,163524785.16,170100,87726.0555686067
2016-01-01,Empresa_Privada,126784758354.49,1069061103.26,1252225,101247.58598054663
2016-01-01,Empresario,76509301806.63,1366339671.02,446570,171326.55979270887
2016-01-01,Setor_Publico,92084388107.56,684454447.97,839889,109638.75953555768
2016-01-01,outro,179379087142.46,5611843537.87,2342196,76585.85666718755
2016-02-01,Aposentado,14899924205.68,171563702.51,169837,87730.73126397663
2016-02-01,Empresa_Privada,127572377505.15,1119184569.42,1258443,101373.18695018368
2016-02-01,Empresario,76689641537.07,1464810830.1,447263,171464.30967254168
2016-02-01,Setor_Publico,92489463063.18,728848258.84,842411,109791.3762559843
2016-02-01,outro,180798171387.36,5835166323.38,2360907,76579.96328841415
2016-03-01,Aposentado,14946005447.6,164616508.3,170404,87709.24067275417
2016-03-01,Empresa_Privada,128886994611.29,1082359410.33,1267149,101714.15880160106
2016-03-01,Empresario,77053797847.95,1403319007.05,448600,171765.0420150468
2016-03-01,Setor_Publico,93285621679.7,704259739.72,848027,110003.12688121958
2016-03-01,outro,182647122872.18,5603658727.0,2393755,76301.51075284647
2016-04-01,Aposentado,14677226435.77,171718060.56,167358,87699.58075365385
2016-04-01,Empresa_Privada,129396213886.46,1146264017.82,1267914,102054.40896343128
2016-04-01,Empresario,76888152391.05,1456945117.79,444764,172874.0464404718
2016-04-01,Setor_Publico,92601676999.51,748286796.99,838233,110472.47841532127
2016-04-01,outro,183835022267.59,5773093149.06,2409815,76285.94820249273
2016-05-01,Aposentado,14665217221.57,172237441.99,167087,87769.9475217701
2016-05-01,Empresa_Privada,130598127817.26,1139142448.73,1276525,102307.53633282545
2016-05-01,Empresario,77001440641.95999,1442671201.98,445657,172781.84936388297
2016-05-01,Setor_Publico,93198746461.81,763925882.94,841727,110723.2469218761
2016-05-01,outro,185335525789.47,5764561202.78,2427056,76362.27832792899
2016-06-01,Aposentado,14683355237.14,142828084.62,168671,87053.22928742936
2016-06-01,Empresa_Privada,131822076116.5,868091565.41,1293189,101935.6614667307
2016-06-01,Empresario,77233595760.71,1150998107.66,449150,171955.0167220528
2016-06-01,Setor_Publico,93963048994.13,622232387.52,853544,110085.77061537543
2016-06-01,outro,187371702875.35,4608240353.18,2571343,72869.19826540061
2016-07-01,Aposentado,14679339479.57,153698118.48,168408,87165.33347329106
2016-07-01,Empresa_Privada,133163022415.16,950581466.66,1302068,102270.40555113865
2016-07-01,Empresario,77581024365.72,1221627439.89,450649,172153.99205528028
2016-07-01,Setor_Publico,94624847761.39,659050938.44,856804,110439.31606457253
2016-07-01,outro,189196939273.23,4927716730.21,2586912,73136.20999602228
2016-08-01,Aposentado,14686012211.52,149648720.39000002,168264,87279.58571958351
2016-08-01,Empresa_Privada,134659618500.38,953735534.88,1311972,102639.0948132887
2016-08-01,Empresario,77923193358.73,1260338351.38,451856,172451.38574840213
2016-08-01,Setor_Publico,95409370521.65,689701953.34,860408,110888.52093617214
2016-08-01,outro,191205409343.03,4928505396.78,2605207,73393.55734228797
2016-09-01,Aposentado,14684716369.43,160204456.51,168392,87205.54640024467
2016-09-01,Empresa_Privada,135886474151.47,1050162957.12,1320809,102881.24486694897
2016-09-01,Empresario,78289048460.2,1313033759.69,453470,172644.38322314597
2016-09-01,Setor_Publico,95987310037.56999,752059403.02,864891,110981.97349442876
2016-09-01,outro,192670499684.84,5298395099.54,2620050,73536.9552813267
2016-10-01,Aposentado,14180681273.09,163220698.29,164276,86322.2946327522
2016-10-01,Empresa_Privada,135456123832.51,1109758112.17,1315831,102943.40521883889
2016-10-01,Empresario,77413668987.19,1376147051.96,448625,172557.63496726664
2016-10-01,Setor_Publico,94308423128.43,771062695.58,851619,110740.15860194522
2016-10-01,outro,192805226164.87,5504113831.92,2619160,73613.38221600436
2016-11-01,Aposentado,14160673072.74,162835992.49,164004,86343.46157862003
2016-11-01,Empresa_Privada,136814813308.12,1084362040.22,1325108,103248.04718416913
2016-11-01,Empresario,77666302666.99,1349570783.05,449604,172743.79824687948
2016-11-01,Setor_Publico,95063249968.8,747674674.41,855446,111127.11961807057
2016-11-01,outro,194637498583.76,5335288863.09,2644433,73602.73396367388
2016-12-01,Aposentado,14119031337.3,139361300.5,163566,86320.08692087597
2016-12-01,Empresa_Privada,138774625917.46,849722974.39,1340060,103558.51672123636
2016-12-01,Empresario,77639416157.48,1174963348.4,449973,172542.38844881803
2016-12-01,Setor_Publico,96051857439.26,615364635.65,861463,111498.52917566976
2016-12-01,outro,197312547677.36002,4548866793.16,2676185,73729.03879117475
2017-01-01,Aposentado,17162396466.76,193306119.18,210413,81565.28573215533
2017-01-01,Empresa_Privada,169233526397.18,1782558738.36,1771676,95521.71299785061
2017-01-01,Empresario,93692966719.31999,2073628872.68,633386,147923.96219575423
2017-01-01,Setor_Publico,99858575229.14,766622838.7,922458,108252.7066046801
2017-01-01,outro,145767631624.09,3112108329.2599998,1973932,73846.32886243802
2017-02-01,Aposentado,17152427830.71,206133134.46,210320,81553.9550718429
2017-02-01,Empresa_Privada,170648443589.3,2057870251.05,1783281,95693.52423387003
2017-02-01,Empresario,93870233515.02,2334510314.2,634711,147894.44883580087
2017-02-01,Setor_Publico,100480809326.83,837667552.46,927203,108369.80610160882
2017-02-01,outro,147004692596.73,3487384450.17,1984376,74081.06759844405
2017-03-01,Aposentado,17123564884.98,203153621.53,209730,81645.75828436561
2017-03-01,Empresa_Privada,171751277748.98,2065006132.58,1790888,95902.85810669344
2017-03-01,Empresario,93861276721.88,2300615885.09,634361,147961.92817950662
2017-03-01,Setor_Publico,100983609650.18,875762316.11,928881,108715.33560292437
2017-03-01,outro,148211587573.35,3539637213.57,1984858,74671.12890360419
2017-04-01,Aposentado,17086187976.53,215508144.0,209676,81488.52504115875
2017-04-01,Empresa_Privada,173071525909.24,2281741768.94,1802208,96033.0471894698
2017-04-01,Empresario,94044754954.56,2448773715.48,635779,147920.51161576586
2017-04-01,Setor_Publico,101510186688.66,945469902.51,933834,108702.6031271725
2017-04-01,outro,149378525190.52,3856242047.26,1994057,74911.86319674914
2017-05-01,Aposentado,17008662620.61,219283281.1,208954,81399.07645036707
2017-05-01,Empresa_Privada,174371032954.93,2343045000.59,1812744,96191.7584363429
2017-05-01,Empresario,94056496063.69,2454244107.36,636398,147795.0843083888
2017-05-01,Setor_Publico,102002164702.44,973811324.9399999,936420,108927.79383443327
2017-05-01,outro,150627531091.83,3934170627.28,2001629,75252.47240713937
2017-06-01,Aposentado,16958506096.87,183797991.14,208346,81395.88039544797
2017-06-01,Empresa_Privada,176057272171.92,1776398465.1399999,1825469,96444.9531446001
2017-06-01,Empresario,94163807429.74,1925527280.0,637342,147744.5506960784
2017-06-01,Setor_Publico,102610054323.44,769628321.78,939561,109210.63594959774
2017-06-01,outro,152181140031.93,3173781276.85,2013575,75577.58714323032
2017-07-01,Aposentado,16919433349.35,202296460.43,207796,81423.28701875878
2017-07-01,Empresa_Privada,177743090931.15,2120325844.65,1838680,96668.85533706246
2017-07-01,Empresario,94360509213.53,2257331245.16,638800,147715.26176194428
2017-07-01,Setor_Publico,103208025942.16,889482694.0,943331,109408.07197278581
2017-07-01,outro,153690869149.81,3611317100.35,2026467,75841.7823482001
2017-08-01,Aposentado,16860185776.99,205992978.43,207471,81265.26491408437
2017-08-01,Empresa_Privada,179247071883.76,2073751421.61,1852211,96774.65034154317
2017-08-01,Empresario,94428429233.02,2127027595.77,639863,147576.0111664841
2017-08-01,Setor_Publico,103706655439.33,864271365.55,947444,109459.40386907301
2017-08-01,outro,155219939252.1,3564804446.83,2041435,76034.72030806761
2017-09-01,Aposentado,16790672439.81,203767387.55,206903,81152.38754300323
2017-09-01,Empresa_Privada,180288051237.42,2058061415.26,1860807,96887.02333848702
2017-09-01,Empresario,94428637257.35,2116744201.3,640433,147444.98996358714
2017-09-01,Setor_Publico,103983049776.72,867673623.11,950454,109403.55848543959
2017-09-01,outro,156257934090.42,3542914802.44,2051082,76183.17263299078
2017-10-01,Aposentado,16708350345.12,199376558.12,206133,81056.16444295674
2017-10-01,Empresa_Privada,181044033956.8,2114544607.16,1867304,96954.77220463299
2017-10-01,Empresario,94316662612.51,2118843551.41,640658,147218.4263874173
2017-10-01,Setor_Publico,104176311998.11,864948281.18,951444,109492.84666056016
2017-10-01,outro,157208218304.28,3663682827.0099998,2051339,76636.87879198903
2017-11-01,Aposentado,16609465195.78,195483535.31,205663,80760.58987654561
2017-11-01,Empresa_Privada,182022320670.22,2106643751.03,1878875,96878.35575555585
2017-11-01,Empresario,94262046854.24,2052189773.21,640949,147066.37634857063
2017-11-01,Setor_Publico,104284669645.52,860326215.93,954459,109260.5021750751
2017-11-01,outro,158688665368.21,3665834607.92,2056657,77158.5467913269
2017-12-01,Aposentado,16500592219.29,161419549.62,204810,80565.3640900835
2017-12-01,Empresa_Privada,182850638129.92,1589221288.57,1886212,96940.66103381805
2017-12-01,Empresario,94047611260.69,1626544142.29,640950,146731.5878940479
2017-12-01,Setor_Publico,104376085745.33,679284803.71,955071,109286.20568034209
2017-12-01,outro,159874685852.46,3051802646.72,2067307,77334.75765934135
2018-01-01,Aposentado,23986863422.16,274826766.48,287842,83333.43786577358
2018-01-01,Empresa_Privada,185873322728.8,2308504476.0,1973256,94196.25366845456
2018-01-01,Empresario,103343860663.93001,2330484327.35,724567,142628.43969423117
2018-01-01,Setor_Publico,103325955112.54,929557067.67,961929,107415.36549219329
2018-01-01,outro,143266868629.63,3700524310.7400002,1827660,78388.14037054485
2018-02-01,Aposentado,23902653947.98,281772662.4,287531,83130.70224768807
2018-02-01,Empresa_Privada,186868253105.38,2510685139.36,1985085,94136.1468679578
2018-02-01,Empresario,103306257594.17,2399395249.86,725809,142332.5662731793
2018-02-01,Setor_Publico,103606336268.01,970015622.95,966105,107241.27943444035
2018-02-01,outro,143964595830.26,3967395274.08,1837738,78337.93273592863
2018-03-01,Aposentado,23854333480.55,271957853.71,287171,83066.6518574299
2018-03-01,Empresa_Privada,188114618582.6,2398696402.39,1996893,94203.65466882802
2018-03-01,Empresario,103364916304.81,2258587193.83,726779,142223.31176989153
2018-03-01,Setor_Publico,104050118378.68,915348807.29,969659,107305.88627412316
2018-03-01,outro,144945005741.72,3882893417.41,1847292,78463.50535904449
2018-04-01,Aposentado,23748775618.31,260913868.44,286320,82944.87153642777
2018-04-01,Empresa_Privada,189424065377.08,2433283566.4900002,2009546,94262.11959172867
2018-04-01,Empresario,103420414414.83,2204913079.46,727652,142128.94957318885
2018-04-01,Setor_Publico,104391233481.82,913427650.19,972755,107315.03151545869
2018-04-01,outro,145880133127.05,3938537606.77,1858819,78480.00968736062
2018-05-01,Aposentado,23637175504.71,264546385.93,285493,82794.23840412899
2018-05-01,Empresa_Privada,190953513486.73,2397686290.37,2024688,94312.56247220807
2018-05-01,Empresario,103541553557.97,2191865505.17,728943,142043.41568266656
2018-05-01,Setor_Publico,104755553576.95,912878588.82,975389,107398.74406718755
2018-05-01,outro,146970367238.36002,3967493867.65,1867331,78706.11436234927
2018-06-01,Aposentado,23570064514.14,247282690.19,284905,82729.55727045856
2018-06-01,Empresa_Privada,192596728883.9,2191188803.95,2039579,94429.64890494557
2018-06-01,Empresario,103684883488.26,1939175288.91,730254,141984.68408014197
2018-06-01,Setor_Publico,105266694572.83,830612691.19,979361,107485.07912080428
2018-06-01,outro,148094236706.95,3679821245.86,1878758,78825.60537703632
2018-07-01,Aposentado,23453342252.85,243252169.94,283733,82659.9029822051
2018-07-01,Empresa_Privada,194074073610.77,2261551915.0,2052955,94534.01248968925
2018-07-01,Empresario,103801336241.76,1941166727.08,731059,141987.63197192017
2018-07-01,Setor_Publico,105612173215.07,829579002.74,981345,107619.82097536545
2018-07-01,outro,149129648234.6,3774465124.79,1888078,78984.89799393881
2018-08-01,Aposentado,23293092204.77,220800602.22,282237,82530.2572120948
2018-08-01,Empresa_Privada,195867900068.6,2042780082.66,2068827,94675.82357954532
2018-08-01,Empresario,103913613005.5,1718329400.8,731699,142016.88536611365
2018-08-01,Setor_Publico,106041166070.41,749047520.35,984022,107763.00333774042
2018-08-01,outro,150461735597.37,3471813360.18,1900978,79149.64591771709
2018-12-01,Aposentado,20834473183.98,172240982.92,273493,76179.18258960923
2018-12-01,Empresa_Privada,201021394834.39,1688002003.8799999,2177743,92307.21661573014
2018-12-01,Empresario,100954508677.58,1443997032.36,732862,137753.7772153284
2018-12-01,Setor_Publico,108232847817.46,597334820.98,1024807,105612.90839881072
2018-12-01,outro,162252071143.42,3068335194.2,2141099,75779.8080067386
2019-01-01,Aposentado,22888195194.170002,210212356.48,302240,75728.54418399285
2019-01-01,Empresa_Privada,202392299831.09,2046769447.09,2231560,90695.43271571904
2019-01-01,Empresario,104421117556.1,1713466563.47,774507,134822.69050647703
2019-01-01,Setor_Publico,107528473548.53,716328973.45,1043022,103093.19798482678
2019-01-01,outro,155469834423.09,3422289451.15,2071725,75043.66381787641
2019-02-01,Aposentado,20369608540.18,185856665.42,270174,75394.40708647021
2019-02-01,Empresa_Privada,200857570649.36002,2058449835.97,2180691,92107.30481730792
2019-02-01,Empresario,101060882947.7,1692373743.67,738708,136807.61944868608
2019-02-01,Setor_Publico,108010003459.22,709759132.21,1038970,103958.73168543847
2019-02-01,outro,166168230938.3,3757383578.61,2218660,74895.76182844599
2019-03-01,Aposentado,22766076664.22,232159128.61,299294,76065.93070432419
2019-03-01,Empresa_Privada,205589510972.92,2391362035.77,2249704,91385.13821059126
2019-03-01,Empresario,105007150509.09,1846979349.1,774334,135609.634226432
2019-03-01,Setor_Publico,108452420770.8,797596026.64,1048588,103427.10461191622
2019-03-01,outro,157946813614.48,3952502668.79,2085314,75742.46066274912
2019-04-01,Aposentado,22669317267.2,227027089.08,294955,76856.86720754014
2019-04-01,Empresa_Privada,206964821044.39,2390808676.56,2247904,92070.13335284336
2019-04-01,Empresario,104955880048.61,1762087211.94,768791,136520.69294334872
2019-04-01,Setor_Publico,108703865538.25,777662748.05,1039137,104609.75361116965
2019-04-01,outro,158658943374.45,3983926264.73,2067973,76721.96076759706
2019-05-01,Aposentado,22549804129.97,230664130.43,292945,76976.23830401612
2019-05-01,Empresa_Privada,208346992298.85,2473921471.13,2256738,92322.18906175639
2019-05-01,Empresario,105072391830.36,1787971493.63,768646,136698.02721976046
2019-05-01,Setor_Publico,108989677034.49,810871237.0,1040480,104749.42049293595
2019-05-01,outro,159760385099.64,4087579151.72,2075744,76965.360419994
2019-06-01,Aposentado,20203646589.56,202226181.49,264666,76336.388465311
2019-06-01,Empresa_Privada,208191426720.28,2233258721.01,2227843,93449.77483614419
2019-06-01,Empresario,101437608516.96,1670655469.25,732909,138404.09725758588
2019-06-01,Setor_Publico,109580045704.63,749171163.74,1038548,105512.74058072425
2019-06-01,outro,168786184860.69,4015468670.47,2193673,76942.27209829816
2019-07-01,Aposentado,22373184942.21,232367593.01,289193,77364.19948688245
2019-07-01,Empresa_Privada,211763669076.79,2554115065.02,2278144,92954.47042715036
2019-07-01,Empresario,105557191939.36,1884263328.74,768929,137278.20376050324
2019-07-01,Setor_Publico,109723412500.6,836305988.23,1043799,105119.29260384424
2019-07-01,outro,162499942617.92,4188955452.17,2092970,77640.83700096991
2019-08-01,Aposentado,20051909941.17,211864124.05,261226,76760.77397031688
2019-08-01,Empresa_Privada,210861620527.4,2544118467.38,2239721,94146.37828881365
2019-08-01,Empresario,101844232676.76,1824428318.58,731366,139252.07444256364
2019-08-01,Setor_Publico,110151249346.45,842184652.06,1039601,105955.31299647652
2019-08-01,outro,170463567003.68,4368744783.45,2192529,77747.46286305905
2019-09-01,Aposentado,22348170520.62,233384016.53,285946,78155.21294447203
2019-09-01,Empresa_Privada,214602843943.25,2583439119.88,2287132,93830.54582912136
2019-09-01,Empresario,106926892507.8,1822967687.32,767599,139300.45832237927
2019-09-01,Setor_Publico,110779561259.18,840258751.22,1046983,105808.3667635291
2019-09-01,outro,164364860262.11,4169138796.25,2092315,78556.46031410662
2019-10-01,Aposentado,20380548010.16,209546462.34,263339,77392.82069940267
2019-10-01,Empresa_Privada,215130514463.32,2453428233.74,2270561,94747.73611601714
2019-10-01,Empresario,103514948764.06,1719295670.62,733461,141132.17848537277
2019-10-01,Setor_Publico,111391747700.34,803295769.47,1045842,106509.15501609229
2019-10-01,outro,172508852356.3,4173965496.76,2199298,78438.14360595972
2019-11-01,Aposentado,22194311404.75,242852891.8,282912,78449.52283660644
2019-11-01,Empresa_Privada,218795965326.96,2624568857.45,2316373,94456.27510204962
2019-11-01,Empresario,108225729782.87,1840799641.44,770387,140482.28978795072
2019-11-01,Setor_Publico,112009561209.62,854953020.73,1053335,106338.022765426
2019-11-01,outro,167720017057.95,4214390133.29,2120615,79090.27195315983
2019-12-01,Aposentado,20607803271.76,198998060.17,264838,77812.86398386938
2019-12-01,Empresa_Privada,219680171954.19,2218543776.93,2305818,95272.12119698519
2019-12-01,Empresario,105047727721.72,1672848036.17,738519,142241.06315710227
2019-12-01,Setor_Publico,112632397732.24,728782894.55,1052723,106991.4856351006
2019-12-01,outro,174636845576.45,3874274035.65,2209402,79042.58508702808
2020-01-01,Aposentado,19667554047.15,224358954.82,252908,77765.64619209357
2020-01-01,Empresa_Privada,218776685310.43,2650092710.06,2282198,95862.27194591792
2020-01-01,Empresario,104589363164.99,1958012844.09,732083,142865.44444412724
2020-01-01,Setor_Publico,112607327409.33,850555231.61,1048681,107379.96341054143
2020-01-01,outro,178569642072.7,4584395153.8,2257427,79103.17457561198
2020-02-01,Aposentado,20377720412.24,233246116.68,261259,77998.15666537805
2020-02-01,Empresa_Privada,222189487090.66,2791416460.65,2317520,95873.8164463133
2020-02-01,Empresario,105406052230.11,1977697814.1200001,736482,143121.01616890842
2020-02-01,Setor_Publico,113126412968.19,863383758.97,1052805,107452.38953860402
2020-02-01,outro,176243503642.63,4701708958.79,2217927,79463.16702156112
2020-03-01,Aposentado,20295983509.37,302641935.01,259852,78105.93533769222
2020-03-01,Empresa_Privada,224011901647.08002,4120152215.83,2326760,96276.32486680191
2020-03-01,Empresario,105774282615.95,2941549394.73,736295,143657.47779891212
2020-03-01,Setor_Publico,113608815900.11,1237695115.85,1054226,107765.14324263488
2020-03-01,outro,177795803809.29,6422856256.38,2228187,79793.93282937653
2020-04-01,Aposentado,20312392328.22,310474841.98,259005,78424.71121491863
2020-04-01,Empresa_Privada,226486801954.02,4054369456.7599998,2337998,96872.11107709244
2020-04-01,Empresario,106788869782.61,2882115067.47,737378,144822.42456733182
2020-04-01,Setor_Publico,114489562053.75,1170161455.83,1056989,108316.70154916466
2020-04-01,outro,179719644799.04,6602742196.48,2238059,80301.56702707123
2020-05-01,Aposentado,20318144114.89,278435432.34,257742,78831.32789723833
2020-05-01,Empresa_Privada,228953374134.88,3262126770.9,2348025,97508.91670015438
2020-05-01,Empresario,107795081058.79,2447998727.96,737842,146095.07327963167
2020-05-01,Setor_Publico,115306422946.24,1000048166.57,1059120,108870.026952791
2020-05-01,outro,181648926149.57,5857374618.4,2247792,80812.15973255978
2020-06-01,Aposentado,21792776018.11,238868978.11,272568,79953.53826608406
2020-06-01,Empresa_Privada,233358124487.44,2454401737.7,2393889,97480.76226067291
2020-06-01,Empresario,112475006024.8,1746257028.92,770952,145891.06199192686
2020-06-01,Setor_Publico,116213387785.51,775668333.28,1065819,109036.70115236264
2020-06-01,outro,176734865524.33002,4236991050.87,2165136,81627.6046975017
2020-07-01,Aposentado,20267902781.5,210068722.19,253953,79809.66076990624
2020-07-01,Empresa_Privada,234572007389.37,2162456015.09,2371540,98911.25909298177
2020-07-01,Empresario,109849825548.78,1556887870.44,737756,148897.23099341788
2020-07-01,Setor_Publico,117170241530.9,687242642.61,1063393,110185.26690593224
2020-07-01,outro,185850869236.62,3983070919.02,2240761,82940.96034187492
2020-08-01,Aposentado,20237135634.22,192100151.73,252652,80098.85389476434
2020-08-01,Empresa_Privada,237862718408.98,2010444387.13,2388744,99576.47969350421
2020-08-01,Empresario,111075892468.35,1418158553.88,739581,150187.59604201568
2020-08-01,Setor_Publico,118296484553.81,633964214.91,1067282,110839.01401298813
2020-08-01,outro,188271837283.64,3712633095.61,2256001,83453.79159124487
2020-09-01,Aposentado,20169875209.04,174260812.88,250636,80474.77301361338
2020-09-01,Empresa_Privada,241010087105.94,1908199151.74,2401221,100369.80648842402
2020-09-01,Empresario,112264631849.79001,1263521841.79,740244,151658.95549276995
2020-09-01,Setor_Publico,119361618414.48,599173339.76,1069307,111625.20998598156
2020-09-01,outro,190543304631.36002,3515231210.97,2266148,84082.46267735382
2020-10-01,Aposentado,21612130227.86,184222938.79,265429,81423.39468505702
2020-10-01,Empresa_Privada,246730199579.78,2069262082.78,2459067,100334.88293721968
2020-10-01,Empresario,117468201660.49,1261705777.65,775007,151570.5040864018
2020-10-01,Setor_Publico,120522991133.74,638606061.95,1077560,111848.05591683062
2020-10-01,outro,185346981380.02,3567588729.83,2181436,84965.58293712031
2020-11-01,Aposentado,21553197178.69,193051455.99,263633,81754.54961514681
2020-11-01,Empresa_Privada,249946120892.14,2399027096.94,2476763,100916.44654419499
2020-11-01,Empresario,118718711978.5,1399530057.46,776687,152852.70897864905
2020-11-01,Setor_Publico,121820196755.28,716797622.01,1082078,112579.86647476429
2020-11-01,outro,187401386170.56,3933547818.49,2195337,85363.379823034
2020-12-01,Aposentado,21426835831.51,173617716.22,260562,82233.1569127885
2020-12-01,Empresa_Privada,251950991885.65,2087124374.71,2475225,101789.12700285832
2020-12-01,Empresario,120373713800.27,1231736609.62,778242,154673.8852442685
2020-12-01,Setor_Publico,122937431128.14,626734702.62,1084213,113388.63408586688
2020-12-01,outro,191327448894.3,3608005187.9700003,2231863,85725.44501804098
2021-01-01,Aposentado,21405720971.03,195032195.23,259992,82332.22934178743
2021-01-01,Empresa_Privada,255159376228.76,2515973186.98,2496643,102200.98597547186
2021-01-01,Empresario,121673720140.14,1458402849.47,779985,155994.94880047694
2021-01-01,Setor_Publico,123697613435.56,732288471.24,1086790,113819.24146850817
2021-01-01,outro,191902245518.43,4161496588.87,2226640,86184.67534870029
2021-02-01,Aposentado,21375120346.23,234155658.33,258739,82612.67279470818
2021-02-01,Empresa_Privada,258250727701.49,3148697395.77,2512411,102790.00040259735
2021-02-01,Empresario,123137555346.99,1763188052.9,781963,157472.3552738301
2021-02-01,Setor_Publico,124665266293.65,863994866.83,1089991,114372.74830127037
2021-02-01,outro,193664851136.17,4918004387.17,2236566,86590.26880323228
2021-03-01,Aposentado,21336233862.61,240897301.55,257364,82902.94626525078
2021-03-01,Empresa_Privada,262100799607.28,3018467874.76,2531941,103517.73584269144
2021-03-01,Empresario,124915530342.59,1753765702.37,784806,159167.39976833764
2021-03-01,Setor_Publico,125838964956.44,827854057.06,1093548,115074.02048784324
2021-03-01,outro,196051117737.26,4853845715.96,2248854,87178.23288539852
2021-04-01,Aposentado,21248392900.94,254355719.59,255425,83188.38367794851
2021-04-01,Empresa_Privada,265214833470.07,3288634887.7,2542617,104307.81886146046
2021-04-01,Empresario,126712745871.49,1935020687.94,786998,161007.71014855185
2021-04-01,Setor_Publico,126935838789.97,910840379.08,1095974,115820.11871629253
2021-04-01,outro,198787214133.23,5276930827.38,2266900,87691.21449258018
2021-05-01,Aposentado,21234745000.81,265445405.3,254248,83519.81136846701
2021-05-01,Empresa_Privada,269484051468.82,3600914351.65,2565911,105024.70719710075
2021-05-01,Empresario,128789961092.16,2153502216.85,790414,162939.87845883297
2021-05-01,Setor_Publico,128207801486.04,995662765.09,1100017,116550.74556669578
2021-05-01,outro,200833887228.31,5535810435.32,2275139,88273.23835084801
2021-06-01,Aposentado,21161320802.16,252111213.14000002,252215,83901.91226596356
2021-06-01,Empresa_Privada,272983689267.59,3417298993.96,2579887,105812.26591226282
2021-06-01,Empresario,130764047097.55,1982526122.0,793076,164882.11356484122
2021-06-01,Setor_Publico,129398722978.62,967314376.05,1103107,117303.87258771814
2021-06-01,outro,203572560766.3,5179748209.84,2292180,88811.76904357424
2021-07-01,Aposentado,21246227099.68,243477245.31,250949,84663.52565533236
2021-07-01,Empresa_Privada,276604556220.23,3482301085.15,2595402,106574.84128479133
2021-07-01,Empresario,132496491036.16,1993130008.02,795237,166612.58346399877
2021-07-01,Setor_Publico,130968239117.33,993668638.23,1107086,118299.96867210859
2021-07-01,outro,205821380768.71,5189475004.36,2303060,89368.6576853013
2021-08-01,Aposentado,21233667828.71,244754793.49,249527,85095.67232688246
2021-08-01,Empresa_Privada,280667857442.68,3494295745.37,2613229,107402.70272627466
2021-08-01,Empresario,134972822804.23,1934008502.8700001,799545,168812.0403532384
2021-08-01,Setor_Publico,132407802175.31,1020072651.33,1111740,119099.61157762606
2021-08-01,outro,208890698859.89,5118268935.059999,2320811,90007.63046189026
2021-09-01,Aposentado,21182196345.34,243818694.10999998,248237,85330.53632351341
2021-09-01,Empresa_Privada,284324030705.09,3570022456.33,2630644,108081.5308742232
2021-09-01,Empresario,137056651237.76,1862018387.15,803505,170573.48894874332
2021-09-01,Setor_Publico,133738015163.85,1054548578.77,1115881,119849.71082386922
2021-09-01,outro,211630309915.45,5231909421.68,2336290,90583.9214804027
2021-10-01,Aposentado,21125028411.13,227805089.56,246521,85692.6120335793
2021-10-01,Empresa_Privada,287476486108.47003,3300346802.04,2640308,108879.90571875327
2021-10-01,Empresario,139129571667.62,1682316715.76,805994,172618.61957734177
2021-10-01,Setor_Publico,134722909815.28,959413532.37,1117511,120556.22702172954
2021-10-01,outro,214394470532.01,5119453898.81,2349815,91238.87222271116
2021-11-01,Aposentado,23004704254.49,255487951.27,268702,85614.1906442453
2021-11-01,Empresa_Privada,300336458496.9,3555115311.89,2781486,107976.98010951701
2021-11-01,Empresario,144856817734.1,1655076836.62,839435,172564.66281975378
2021-11-01,Setor_Publico,137105528254.51,1007642727.1,1142313,120024.48388008364
2021-11-01,outro,200561232688.54,4973184636.06,2157855,92944.72181334706
2021-12-01,Aposentado,21135597832.23,217449423.73,244499,86444.5164693107
2021-12-01,Empresa_Privada,294993990076.5,3112282048.93,2676373,110221.55360127306
2021-12-01,Empresario,143687433186.23,1601404560.91,814120,176494.16939300104
2021-12-01,Setor_Publico,137257448394.29,890169970.0,1124598,122050.23341166355
2021-12-01,outro,219748215991.95,5132435963.47,2376697,92459.49988237879
2022-01-01,Aposentado,22951452526.65,277849997.67,265952,86299.22890841206
2022-01-01,Empresa_Privada,306179875737.25,3936242631.59,2808824,109006.42964359818
2022-01-01,Empresario,148480928408.47,1925243294.81,845266,175661.77795921048
2022-01-01,Setor_Publico,138907428037.66,1069259434.45,1146528,121154.85015425703
2022-01-01,outro,204932234320.41,5753173458.08,2184295,93820.76794590932
2022-02-01,Aposentado,22784985004.489998,302427427.62,263030,86625.04278785689
2022-02-01,Empresa_Privada,308042716338.95,4704383774.01,2811807,109553.29307415125
2022-02-01,Empresario,149970224527.29,2245413929.7,846891,177083.266355753
2022-02-01,Setor_Publico,139729233237.29,1246711886.22,1148296,121683.98499802317
2022-02-01,outro,207362896852.08,6720732914.1,2203624,94100.85243765723
2022-03-01,Aposentado,22966736696.62,302483632.05,263098,87293.46744034541
2022-03-01,Empresa_Privada,311115384588.23,4545024152.65,2830706,109907.34629037067
2022-03-01,Empresario,151374187929.23,2156482628.42,848583,178384.6576342326
2022-03-01,Setor_Publico,141051595323.35,1244747978.44,1152246,122414.48034825029
2022-03-01,outro,208379722296.07,6619994626.62,2201421,94656.91582667286
2022-04-01,Aposentado,22870056832.22,299771522.37,260730,87715.47897142639
2022-04-01,Empresa_Privada,313095582711.66,4279943628.02,2834902,110443.17677001179
2022-04-01,Empresario,153196464709.61,2145864486.47,851682,179875.1936868573
2022-04-01,Setor_Publico,141801830389.15,1203798027.45,1153480,122933.93070460693
2022-04-01,outro,211243808257.29,6249101122.37,2223642,94999.01884264193
2022-05-01,Aposentado,22730951838.63,271071468.23,257152,88395.00310567292
2022-05-01,Empresa_Privada,315270933834.55,4100045595.5099998,2834871,111211.73902958899
2022-05-01,Empresario,155297131181.23,2097035429.25,855278,181575.033125171
2022-05-01,Setor_Publico,142765275267.48,1196136474.26,1154217,123690.15121721479
2022-05-01,outro,215275136829.8,5938541252.38,2256056,95421.00764777116
2022-06-01,Aposentado,22739448339.9,246590801.28,256050,88808.62464323375
2022-06-01,Empresa_Privada,318896921848.16,3648739959.51,2851205,111846.36735982154
2022-06-01,Empresario,157956167539.86002,1869580935.17,860576,183547.0284319572
2022-06-01,Setor_Publico,143969600221.73,1076792978.99,1157700,124358.29681414012
2022-06-01,outro,218278912261.76,5284085256.07,2272357,96058.37122501439
2022-07-01,Aposentado,22743998811.51,249863876.55,254912,89222.94286463564
2022-07-01,Empresa_Privada,322787468622.27,3843504166.75,2867120,112582.47601156213
2022-07-01,Empresario,160904144095.92,2007647673.11,866221,185754.14830155353
2022-07-01,Setor_Publico,145300587063.45,1116310142.14,1161285,125120.52344036994
2022-07-01,outro,221361312044.8,5474825115.9,2289330,96692.61838389398
2022-08-01,Aposentado,23106005513.75,254559838.09,257592,89700.01208791422
2022-08-01,Empresa_Privada,328618056190.24,3856046065.34,2907059,113041.41270962852
2022-08-01,Empresario,163606241836.9,1975947680.99,871259,187781.4080966739
2022-08-01,Setor_Publico,147045009448.92,1082935292.47,1167731,125923.70113401118
2022-08-01,outro,221840779821.78,5375639974.96,2272583,97616.13979413733
2022-09-01,Aposentado,23071655220.06,244236798.53,256206,90051.19013629657
2022-09-01,Empresa_Privada,332435367441.62,3741428055.4700003,2922503,113750.22281982943
2022-09-01,Empresario,166278223691.3,1947853004.82,875669,189887.07341621091
2022-09-01,Setor_Publico,148302278314.55,1063702720.21,1171243,126619.56427022401
2022-09-01,outro,225020937689.37,5209998102.66,2289948,98264.64954198523
2022-10-01,Aposentado,23055019194.5,251594995.19,255026,90402.62245614173
2022-10-01,Empresa_Privada,335975286636.04,3990742407.92,2936116,114428.47851925468
2022-10-01,Empresario,168552145198.93,2143481641.36,879565,191631.25544892077
2022-10-01,Setor_Publico,149407832461.35,1125969044.61,1174308,127230.53275746228
2022-10-01,outro,227786203047.5,5491941497.33,2305499,98801.25866352578
2022-11-01,Aposentado,23024794405.25,262832854.32,253711,90752.05412950167
2022-11-01,Empresa_Privada,339389680268.08,4098139536.93,2948136,115120.08953049657
2022-11-01,Empresario,171038913322.22,2252919754.21,883417,193610.62026451834
2022-11-01,Setor_Publico,150468470981.79,1185985809.46,1176835,127858.59613436888
2022-11-01,outro,230759534614.82,5635869681.0199995,2321769,99389.53212607284
2022-12-01,Aposentado,22784460034.71,248583768.6,249074,91476.66972349583
2022-12-01,Empresa_Privada,340665895323.47003,3747255985.73,2935681,116043.2265370352
2022-12-01,Empresario,172876026346.98,2234577885.15,885130,195311.45294700214
2022-12-01,Setor_Publico,151150652198.29,1131164689.24,1175479,128586.43344397476
2022-12-01,outro,236647259889.98,5456965047.33,2374923,99644.18210189552
2023-01-01,Aposentado,22922966121.96,273177877.69,249556,91854.99896600362
2023-01-01,Empresa_Privada,343817974791.89,4236770529.35,2949785,116556.96086050001
2023-01-01,Empresario,174713637755.74,2549919240.42,887609,196836.26208808157
2023-01-01,Setor_Publico,152201502725.13,1244021123.01,1177905,129213.73347182498
2023-01-01,outro,238494194733.67,6042022072.21,2380193,100199.51942286613
2023-02-01,Aposentado,22897444447.25,291839515.88,250287,91484.75329222053
2023-02-01,Empresa_Privada,348092404325.6,4711247524.04,2980602,116785.93932554564
2023-02-01,Empresario,176217399017.95,2740116405.78,889580,198090.55848597092
2023-02-01,Setor_Publico,152996189054.9,1349285299.92,1181163,129530.12332328391
2023-02-01,outro,238328988073.52,6585313234.12,2365062,100770.7147100245
2023-03-01,Aposentado,22866815977.95,280407021.67,247048,92560.21492968978
2023-03-01,Empresa_Privada,350004945989.14,4570690587.48,2970958,117808.78288725052
2023-03-01,Empresario,178658111459.56,2608928980.82,892095,200268.03362821223
2023-03-01,Setor_Publico,154624746115.53,1317990794.3,1182890,130717.77267161781
2023-03-01,outro,243587922608.91,6513080006.78,2405164,101277.05329404149
2023-04-01,Aposentado,22916886787.23,308000526.22,247340,92653.37910257136
2023-04-01,Empresa_Privada,353572162492.63,5208422053.66,2989687,118263.93950023197
2023-04-01,Empresario,180670608724.0,2916932489.0,895310,201796.70586053992
2023-04-01,Setor_Publico,155557575658.01,1482861391.2,1185403,131227.58729141904
2023-04-01,outro,245763395974.38,7261577116.97,2410675,101947.95896351853
2023-05-01,Aposentado,22899893677.98,314286608.46,246569,92874.17995765891
2023-05-01,Empresa_Privada,357334283354.15,5379166732.47,3005168,118906.59136332812
2023-05-01,Empresario,182585373193.19,2990579264.03,898610,203186.4470606715
2023-05-01,Setor_Publico,156434078858.16998,1541094880.7,1187424,131742.39265685214
2023-05-01,outro,248211591494.31,7350678000.31,2421499,102503.28061019641
2023-06-01,Aposentado,22842355714.0,281272671.9,245271,93131.09056513
2023-06-01,Empresa_Privada,359936328107.56,4950423374.29,3015239,119372.40401426223
2023-06-01,Empresario,184576359674.4,2777116345.77,902313,204559.12712595297
2023-06-01,Setor_Publico,157210855515.29,1416507458.87,1188408,132286.9380846393
2023-06-01,outro,251571928454.41,6900095495.08,2439670,103117.19554464743
2023-07-01,Aposentado,22854969947.89,285677713.28000003,245004,93284.06861883888
2023-07-01,Empresa_Privada,364224688664.91,5388449521.8,3038501,119869.85973179208
2023-07-01,Empresario,186782414781.23,2975426104.66,906671,206009.03170083748
2023-07-01,Setor_Publico,158186091728.85,1516362973.35,1191124,132804.05040016826
2023-07-01,outro,253354886166.46,7253894604.16,2440687,103804.74274925872
2023-08-01,Aposentado,22797032424.03,276189615.69,241606,94356.23463005885
2023-08-01,Empresa_Privada,367558612441.89,5319389796.88,3047178,120622.62606316074
2023-08-01,Empresario,188581034892.62,2836080190.52,907640,207770.74048369398
2023-08-01,Setor_Publico,159037227756.05,1487596151.75,1190391,133600.83179060492
2023-08-01,outro,256374116200.5,7155303646.87,2436837,105207.7411006563
2023-09-01,Aposentado,22918697355.42,277762637.96,244331,93801.83994425595
2023-09-01,Empresa_Privada,373217587060.8,5065933062.51,3087461,120881.71706810224
2023-09-01,Empresario,190879717429.59,2720193033.7400002,914728,208673.74501446332
2023-09-01,Setor_Publico,160419739543.28,1417385246.48,1199225,133769.50909402323
2023-09-01,outro,257558260777.59,6799776254.26,2448044,105209.81680786374
2023-10-01,Aposentado,22822345624.69,265880482.9,242882,93964.74676876013
2023-10-01,Empresa_Privada,375864011950.52997,4754465108.63,3092964,121522.27182422102
2023-10-01,Empresario,192623667522.18,2606087920.59,917465,209952.06086573328
2023-10-01,Setor_Publico,161287451210.99,1317622640.83,1200472,134353.36368610847
2023-10-01,outro,261806023888.35,6552696643.48,2477955,105654.06711919708
2023-11-01,Aposentado,22824259358.32,252740030.0,242520,94112.89525944252
2023-11-01,Empresa_Privada,379655236940.98,4550294103.25,3112320,121984.64069921472
2023-11-01,Empresario,194437622750.94,2584000530.86,920854,211149.24054295252
2023-11-01,Setor_Publico,162430843613.11002,1285895273.02,1204159,134891.52480121813
2023-11-01,outro,264062791772.5,6271952948.16,2487055,106174.89029092641
2023-12-01,Aposentado,22732145660.21,238465721.4,241289,94211.2804985308
2023-12-01,Empresa_Privada,382401901208.93,4152611437.38,3119389,122588.71888338709
2023-12-01,Empresario,196124393776.86002,2492344734.55,923636,212339.48630939028
2023-12-01,Setor_Publico,163113643122.36,1176565140.3799999,1205875,135265.79713681765
2023-12-01,outro,268153068964.69,5970897667.5,2515422,106603.611228927
