data_base,ocupacao,carteira_ativa,carteira_inadimplida_arrastada,numero_de_operacoes,ticket_medio
2012-07-01,PF - Aposentado/pensionista,3675046499.52,42871711.74,68086,53976.537019651616
2012-07-01,PF - Autônomo,16801940271.71,252539427.85999998,189722,88560.84308467126
2012-07-01,PF - Empregado de empresa privada,52438612700.79,536368980.14,705721,74305.0195485043
2012-07-01,PF - Empregado de entidades sem fins lucrativos,258479177.41,2581441.83,3058,84525.564882276
2012-07-01,PF - Empresário,30155553085.98,437804661.67,282695,106671.68887309644
2012-07-01,PF - Outros,75359313481.73,1144655887.92,1440253,52323.663607525894
2012-07-01,PF - Servidor ou empregado público,37267026894.82,271862439.34,467847,79656.44087665412
2012-08-01,PF - Aposentado/pensionista,3764772973.63,43222871.95,68386,55051.80846415933
2012-08-01,PF - Autônomo,17382485210.87,251451622.43,192573,90264.39433809515
2012-08-01,PF - Empregado de empresa privada,53858858665.7,547365375.6,713116,75526.08364655961
2012-08-01,PF - Empregado de entidades sem fins lucrativos,276887194.19,3171876.32,3218,86043.25487569919
2012-08-01,PF - Empresário,31131945624.64,440582487.7,287270,108371.72564012949
2012-08-01,PF - Outros,78528145365.16,1228258227.8,1473600,53290.000926411514
2012-08-01,PF - Servidor ou empregado público,38292379697.41,267084100.61,472946,80965.64871551933
2012-09-01,PF - Aposentado/pensionista,3733912053.99,43485661.6,67313,55470.890526198506
2012-09-01,PF - Autônomo,17611288366.66,277616362.34,192307,91579.02919113709
2012-09-01,PF - Empregado de empresa privada,54245545269.3,582318234.63,709098,76499.36295025512
2012-09-01,PF - Empregado de entidades sem fins lucrativos,277227296.41,3247148.7,3178,87233.258782253
2012-09-01,PF - Empresário,31578862685.24,491184696.62,286997,110032.03059697489
2012-09-01,PF - Outros,80460353020.14,1298756640.32,1489544,54016.768232519484
2012-09-01,PF - Servidor ou empregado público,38351720410.96,283326178.63,468039,81941.29209523137
2012-10-01,PF - Aposentado/pensionista,3769922216.52,42251989.4,67181,56115.89908634882
2012-10-01,PF - Autônomo,18060269140.9,275968335.88,194348,92927.47618138598
2012-10-01,PF - Empregado de empresa privada,55427966577.04,585903644.22,715157,77504.61308082001
2012-10-01,PF - Empregado de entidades sem fins lucrativos,284054383.71,3384854.89,3219,88243.05178937558
2012-10-01,PF - Empresário,32416235985.62,493877288.27,290444,111609.24648338405
2012-10-01,PF - Outros,83255648631.56,1283668222.64,1514633,54967.53908805631
2012-10-01,PF - Servidor ou empregado público,39200789400.07,288969061.84,472122,83031.05849773998
2012-11-01,PF - Aposentado/pensionista,3806457267.57,44110065.49,67045,56774.66280214782
2012-11-01,PF - Autônomo,18450026436.51,279377184.38,195689,94282.3890791511
2012-11-01,PF - Empregado de empresa privada,56485861046.36,620701844.07,719680,78487.46810576924
2012-11-01,PF - Empregado de entidades sem fins lucrativos,295292947.55,3075495.5300000003,3293,89672.9266778014
2012-11-01,PF - Empresário,33150560790.08,508027189.8,293132,113090.89689996316
2012-11-01,PF - Outros,85857472811.19,1350061726.99,1534851,55938.63691732292
2012-11-01,PF - Servidor ou empregado público,39941846173.63,294965523.59,474932,84100.13680617436
2012-12-01,PF - Aposentado/pensionista,3857284082.9900002,43607610.53,66939,57623.86774511122
2012-12-01,PF - Autônomo,18958210040.52,269488346.05,197994,95751.43711688233
2012-12-01,PF - Empregado de empresa privada,57804012853.58,577429492.08,726025,79617.11077935333
2012-12-01,PF - Empregado de entidades sem fins lucrativos,296727692.98,3022781.18,3276,90576.21885836386
2012-12-01,PF - Empresário,34006732356.8,500294570.95,296935,114525.84692542139
2012-12-01,PF - Outros,88857550058.93001,1310129594.21,1561581,56902.29969430341
2012-12-01,PF - Servidor ou empregado público,41022849833.06,277576383.18,480198,85429.03101024994
2013-01-01,PF - Aposentado/pensionista,3883773913.61,40193768.44,66857,58090.759585533306
2013-01-01,PF - Autônomo,19367806504.04,274957995.63,199701,96984.02363553512
2013-01-01,PF - Empregado de empresa privada,58790671766.0,574439980.52,731015,80423.34530207998
2013-01-01,PF - Empregado de entidades sem fins lucrativos,302698750.67,3656954.2199999997,3273,92483.57796211427
2013-01-01,PF - Empresário,34675649911.62,498221946.19,299960,115600.91316048807
2013-01-01,PF - Outros,91575177346.59,1363275573.78,1587246,57694.38218561584
2013-01-01,PF - Servidor ou empregado público,41711865205.83,265954823.33,483390,86290.29397759573
2013-02-01,PF - Aposentado/pensionista,3908506969.26,44335301.63,66773,58534.24242223654
2013-02-01,PF - Autônomo,19716599908.8,318780827.14,201310,97941.48283145398
2013-02-01,PF - Empregado de empresa privada,59653754460.6,650555373.63,734909,81171.62051437661
2013-02-01,PF - Empregado de entidades sem fins lucrativos,302315253.58,3416636.07,3288,91945.02846107056
2013-02-01,PF - Empresário,35291830087.11,559882957.65,302480,116674.92094389712
2013-02-01,PF - Outros,94027925635.36,1606271040.88,1611632,58343.29774747585
2013-02-01,PF - Servidor ou empregado público,42348957690.4,308879826.43,486426,87061.45989400239
2013-03-01,PF - Aposentado/pensionista,3958991331.19,48104125.25,66861,59212.26621184248
2013-03-01,PF - Autônomo,20215529411.78,366348713.42,203759,99212.93985433772
2013-03-01,PF - Empregado de empresa privada,60977789905.77,731880815.12,741426,82243.93251082374
2013-03-01,PF - Empregado de entidades sem fins lucrativos,316425519.7,4137275.75,3389,93368.40357037474
2013-03-01,PF - Empresário,36165407376.42,620770212.57,306155,118127.7698434453
2013-03-01,PF - Outros,97271481655.75,1838568475.42,1641777,59247.682027309434
2013-03-01,PF - Servidor ou empregado público,43265309532.33,347327549.35,490865,88140.95429971581
2013-04-01,PF - Aposentado/pensionista,4000500523.73,51876660.43,66609,60059.45928823432
2013-04-01,PF - Autônomo,20729887321.63,350434465.6,205777,100739.57401279054
2013-04-01,PF - Empregado de empresa privada,62325786818.24,741388836.62,747432,83386.56468848002
2013-04-01,PF - Empregado de entidades sem fins lucrativos,331896054.19,3781386.5,3468,95702.43777104959
2013-04-01,PF - Empresário,37089493771.94,619536571.19,309835,119707.2434422838
2013-04-01,PF - Outros,100703348144.52,1897100664.95,1673048,60191.5474896835
2013-04-01,PF - Servidor ou empregado público,44191336233.66,358475678.83,495012,89273.26253436282
2013-05-01,PF - Aposentado/pensionista,4050376179.98,54085305.65,66738,60690.70364679793
2013-05-01,PF - Autônomo,21349316413.0,368495600.9,208786,102254.54011763241
2013-05-01,PF - Empregado de empresa privada,63868793344.57,785121884.37,755683,84517.97029253007
2013-05-01,PF - Empregado de entidades sem fins lucrativos,335576608.23,3151013.25,3490,96153.75593982809
2013-05-01,PF - Empresário,38193931002.08,644586938.81,314807,121324.91018967178
2013-05-01,PF - Outros,105345274167.72,2038331763.7,1723075,61137.95056380019
2013-05-01,PF - Servidor ou empregado público,45250038689.97,380046263.53,500246,90455.57323790695
2013-06-01,PF - Aposentado/pensionista,4101801238.69,45163539.55,66661,61532.24882149983
2013-06-01,PF - Autônomo,21955160251.34,325824170.08,211253,103928.27676454298
2013-06-01,PF - Empregado de empresa privada,65454576352.73,702151818.95,762869,85800.54551008102
2013-06-01,PF - Empregado de entidades sem fins lucrativos,344804616.19,3323197.41,3511,98206.95419823412
2013-06-01,PF - Empresário,39271825217.73,604843809.98,318854,123165.54039695284
2013-06-01,PF - Outros,109387871025.49,1865445122.17,1761968,62082.77961091802
2013-06-01,PF - Servidor ou empregado público,46357616773.21,345493044.11,505062,91785.9921617742
2013-07-01,PF - Aposentado/pensionista,4144696232.58,47669913.96,66572,62258.851057201224
2013-07-01,PF - Autônomo,22556616891.93,331337948.85,213846,105480.65847352768
2013-07-01,PF - Empregado de empresa privada,66846230696.58,714842546.12,769528,86866.53467655498
2013-07-01,PF - Empregado de entidades sem fins lucrativos,356112117.07,3382050.64,3585,99333.92386889819
2013-07-01,PF - Empresário,40223368005.2,604436726.3,322928,124558.31642099786
2013-07-01,PF - Outros,113535985110.65,1897442829.73,1802920,62973.390450297295
2013-07-01,PF - Servidor ou empregado público,47307293665.58,346646345.13,509413,92866.28661926571
2013-08-01,PF - Aposentado/pensionista,4195746622.39,49211116.48,66560,63037.05862965745
2013-08-01,PF - Autônomo,23109293557.9,338421420.64,216295,106841.55231466285
2013-08-01,PF - Empregado de empresa privada,68300006248.090004,734595990.83,775951,88021.02999814422
2013-08-01,PF - Empregado de entidades sem fins lucrativos,367878423.49,3263485.19,3642,101010.00095826469
2013-08-01,PF - Empresário,41273477550.88,588406585.5,327129,126168.81276462802
2013-08-01,PF - Outros,117519122502.0,2043539332.11,1840938,63836.5455555809
2013-08-01,PF - Servidor ou empregado público,48248256867.479996,366544782.8,513676,93927.41118424843
2013-09-01,PF - Aposentado/pensionista,4163103860.06,48758431.52,65379,63676.46889765827
2013-09-01,PF - Autônomo,23412456022.52,379317730.15000004,215971,108405.55455371323
2013-09-01,PF - Empregado de empresa privada,68873817977.82,810021681.74,772582,89147.5830110202
2013-09-01,PF - Empregado de entidades sem fins lucrativos,409343585.33,3791910.9299999997,4059,100848.38268785414
2013-09-01,PF - Empresário,41858500866.95,651095591.92,326576,128173.84274089338
2013-09-01,PF - Outros,120748192638.38,2324008021.35,1869322,64594.64588678676
2013-09-01,PF - Servidor ou empregado público,48422873042.39,393374795.71,509357,95066.66845138086
2013-10-01,PF - Aposentado/pensionista,4164756806.36,55797702.019999996,65200,63876.63813435583
2013-10-01,PF - Autônomo,23359388732.09,410565662.89,216550,107870.64757372432
2013-10-01,PF - Empregado de empresa privada,68853625479.63,852298005.6,774417,88910.27118416823
2013-10-01,PF - Empregado de entidades sem fins lucrativos,412273301.06,4391119.06,4074,101196.19564555719
2013-10-01,PF - Empresário,41183152950.32,674894950.7,326234,126238.07742393497
2013-10-01,PF - Outros,123944355495.52,2444154061.59,1902173,65159.34959413261
2013-10-01,PF - Servidor ou empregado público,48930403346.97,434350008.76,511835,95598.00198690985
2013-11-01,PF - Aposentado/pensionista,4219415093.42,55402213.47,65372,64544.68416783944
2013-11-01,PF - Autônomo,23902214223.6,406047978.57,218887,109198.87532653834
2013-11-01,PF - Empregado de empresa privada,70338186470.32,859946954.75,781620,89990.2592952074
2013-11-01,PF - Empregado de entidades sem fins lucrativos,419872429.54,4957012.84,4113,102084.22794553854
2013-11-01,PF - Empresário,42171323547.450005,682342724.96,330279,127683.9385714805
2013-11-01,PF - Outros,127539114605.73,2433065072.91,1935333,65900.3461449425
2013-11-01,PF - Servidor ou empregado público,49903418075.53,427596741.54,516798,96562.71517213689
2013-12-01,PF - Aposentado/pensionista,4248075846.5,54946442.95,65083,65271.666126330994
2013-12-01,PF - Autônomo,24429833321.16,372587907.39,220390,110848.19329897
2013-12-01,PF - Empregado de empresa privada,71424618392.36,753426967.15,784345,91062.75732281075
2013-12-01,PF - Empregado de entidades sem fins lucrativos,424840832.62,4214648.87,4111,103342.45502797373
2013-12-01,PF - Empresário,43163585321.72,651761030.74,333159,129558.51506854084
2013-12-01,PF - Outros,131238649184.13,2150515549.25,1964197,66815.42084838232
2013-12-01,PF - Servidor ou empregado público,50795787297.08,383644445.46,519559,97767.12037916773
2014-01-01,PF - Aposentado/pensionista,4272401129.17,49865839.11,64424,66316.91806112629
2014-01-01,PF - Autônomo,24883791365.43,410115622.07,222017,112080.5675485661
2014-01-01,PF - Empregado de empresa privada,72475382271.5,787135538.59,787711,92007.5792663807
2014-01-01,PF - Empregado de entidades sem fins lucrativos,432073224.27,4683179.58,4154,104013.77570293692
2014-01-01,PF - Empresário,43953470903.83,711288666.54,335883,130859.46863589405
2014-01-01,PF - Outros,134454487351.29,2341472264.89,1990422,67550.74418956884
2014-01-01,PF - Servidor ou empregado público,51565771029.11,396800815.49,522130,98760.40646794859
2014-02-01,PF - Aposentado/pensionista,4304289860.46,51351269.61,64396,66840.95068730977
2014-02-01,PF - Autônomo,25356757177.81,447185951.02,223541,113432.24365020287
2014-02-01,PF - Empregado de empresa privada,73621557776.62,857163481.35,790926,93082.73817856537
2014-02-01,PF - Empregado de entidades sem fins lucrativos,448849619.02,5894316.63,4204,106767.27379162701
2014-02-01,PF - Empresário,44751488562.8,754405505.17,338321,132275.23140094764
2014-02-01,PF - Outros,138040117070.34,2642748795.66,2022724,68244.66267782456
2014-02-01,PF - Servidor ou empregado público,52324679827.57,417542194.64,524936,99678.20806264001
2014-03-01,PF - Aposentado/pensionista,4322838539.11,52534379.67,64368,67158.19256633731
2014-03-01,PF - Autônomo,25761277132.25,483995257.75,225301,114341.6013788221
2014-03-01,PF - Empregado de empresa privada,74533222358.98,887967602.55,794328,93831.7953779547
2014-03-01,PF - Empregado de entidades sem fins lucrativos,457210805.07,5905032.54,4264,107225.79856238274
2014-03-01,PF - Empresário,45404969490.7,799202340.72,341079,133121.56271919407
2014-03-01,PF - Outros,141383779024.24,2642598249.11,2051955,68901.98811584074
2014-03-01,PF - Servidor ou empregado público,53012215174.84,416386800.83,527865,100427.60019103368
2014-04-01,PF - Aposentado/pensionista,4348452039.5,59483979.13,64225,67706.53233943168
2014-04-01,PF - Autônomo,26201954836.43,519151285.55,227168,115341.75075904177
2014-04-01,PF - Empregado de empresa privada,75602379507.27,998143299.23,798771,94648.37795472045
2014-04-01,PF - Empregado de entidades sem fins lucrativos,463923143.05,5973597.98,4288,108191.0314948694
2014-04-01,PF - Empresário,46153912808.76,856530668.15,344386,134017.97055850123
2014-04-01,PF - Outros,145056603294.04,3107739461.54,2084718,69580.92331626629
2014-04-01,PF - Servidor ou empregado público,53744382332.72,461791555.14,531142,101186.4667691879
2014-05-01,PF - Aposentado/pensionista,4395764585.77,58123534.11,64136,68538.1780243545
2014-05-01,PF - Autônomo,26755534003.78,513897868.06,229238,116715.09088275068
2014-05-01,PF - Empregado de empresa privada,76952907843.96,943322876.48,803764,95740.67492940715
2014-05-01,PF - Empregado de entidades sem fins lucrativos,473135574.74,5656470.8,4358,108567.13509407986
2014-05-01,PF - Empresário,47055678821.38,861096561.78,347735,135320.5136709851
2014-05-01,PF - Outros,149701565557.09,3109201706.65,2124147,70476.08548612219
2014-05-01,PF - Servidor ou empregado público,54678519116.71,444518966.28,534746,102251.38498784469
2014-06-01,PF - Aposentado/pensionista,4445432447.89,54169792.19,64268,69170.23165323334
2014-06-01,PF - Autônomo,27226855541.06,457037188.24,231691,117513.65198069844
2014-06-01,PF - Empregado de empresa privada,78158812237.31,857316214.33,810112,96479.02047779813
2014-06-01,PF - Empregado de entidades sem fins lucrativos,478272229.44,5411102.37,4366,109544.71585890975
2014-06-01,PF - Empresário,47903204734.04,814800540.88,351889,136131.57766807146
2014-06-01,PF - Outros,154156509541.31,2797573905.87,2165534,71186.37229492125
2014-06-01,PF - Servidor ou empregado público,55492293748.06,403505550.88,538760,103000.02551796718
2014-07-01,PF - Aposentado/pensionista,4471235877.29,53395493.51,64085,69770.39677444019
2014-07-01,PF - Autônomo,27728369989.15,481189967.76,233640,118679.89209531758
2014-07-01,PF - Empregado de empresa privada,79434766177.9,915176797.12,814960,97470.75461114655
2014-07-01,PF - Empregado de entidades sem fins lucrativos,486656052.2,6386006.45,4368,111413.93136446887
2014-07-01,PF - Empresário,48791722817.36,840749474.5,355410,137282.9206194536
2014-07-01,PF - Outros,158922340789.4,2967835378.37,2203809,72112.57454225843
2014-07-01,PF - Servidor ou empregado público,56268964396.270004,420100322.9,541417,103929.06834523114
2014-08-01,PF - Aposentado/pensionista,4526177697.15,51575050.55,64101,70610.09496185706
2014-08-01,PF - Autônomo,28616422094.06,495127763.51,236412,121044.71048026328
2014-08-01,PF - Empregado de empresa privada,81075754023.48,950797442.0,820251,98842.61527688475
2014-08-01,PF - Empregado de entidades sem fins lucrativos,492103327.01,7494239.31,4400,111841.66522954546
2014-08-01,PF - Empresário,50409625817.04,862442595.5,359776,140113.92037556702
2014-08-01,PF - Outros,163848163883.64,3065397699.27,2242967,73049.74343520882
2014-08-01,PF - Servidor ou empregado público,57670556537.81,430907872.48,546681,105492.15454316136
2014-09-01,PF - Aposentado/pensionista,4513848220.05,43714926.18,63428,71164.91486488617
2014-09-01,PF - Autônomo,28907290812.88,471626013.21,236449,122255.92331910899
2014-09-01,PF - Empregado de empresa privada,81569005065.63,912684179.95,815851,99980.2722134679
2014-09-01,PF - Empregado de entidades sem fins lucrativos,497993195.42,7636577.03,4457,111732.82374242764
2014-09-01,PF - Empresário,51007731897.42,801559426.26,360132,141636.21088217653
2014-09-01,PF - Outros,167748614248.52,3077997526.16,2272711,73809.91874836704
2014-09-01,PF - Servidor ou empregado público,58214646791.96,408288357.77,545947,106630.58280741537
2014-10-01,PF - Aposentado/pensionista,4571763605.9,54734292.0,63507,71988.34153557874
2014-10-01,PF - Autônomo,29489563189.21,535552671.3,238768,123507.18349699289
2014-10-01,PF - Empregado de empresa privada,82977327892.01,1071875442.23,821102,101056.05380575129
2014-10-01,PF - Empregado de entidades sem fins lucrativos,502269131.72,7734301.5,4461,112591.1525935889
2014-10-01,PF - Empresário,52017938539.03,904862328.4,363808,142981.84355217588
2014-10-01,PF - Outros,172908506956.65,3584917052.6,2315564,74672.30746230723
2014-10-01,PF - Servidor ou empregado público,59198654952.07,494594374.47,549976,107638.61505242047
2014-11-01,PF - Aposentado/pensionista,4594027713.1,51913281.46,63450,72403.90406776991
2014-11-01,PF - Autônomo,30019922624.69,517777166.3,240867,124632.77503638937
2014-11-01,PF - Empregado de empresa privada,84263416044.53,1028290343.23,826108,102000.48425209537
2014-11-01,PF - Empregado de entidades sem fins lucrativos,514695702.17,7203930.26,4526,113719.77511489175
2014-11-01,PF - Empresário,53034335345.23,890086624.43,367426,144340.18100305912
2014-11-01,PF - Outros,177349995290.02,3517243882.75,2354734,75316.36069722525
2014-11-01,PF - Servidor ou empregado público,60115020370.32,476200973.22,553803,108549.46681458931
2014-12-01,PF - Aposentado/pensionista,4634781885.69,46217708.25,63414,73087.67599725613
2014-12-01,PF - Autônomo,30509386248.6,449185347.48,242931,125588.69081591068
2014-12-01,PF - Empregado de empresa privada,85508308476.92,828044583.72,831087,102887.31321380312
2014-12-01,PF - Empregado de entidades sem fins lucrativos,517456009.79,6006396.68,4539,114002.20528530514
2014-12-01,PF - Empresário,53924389062.59,762660929.65,371051,145328.7797704089
2014-12-01,PF - Outros,182257416242.32,2989431255.69,2396719,76044.54933695607
2014-12-01,PF - Servidor ou empregado público,61037178545.54,389065933.02,557531,109477.64078686207
2015-01-01,PF - Aposentado/pensionista,4665209370.62,48333869.77,63382,73604.64123284213
2015-01-01,PF - Autônomo,30988833644.35,544642456.26,245023,126473.1622923154
2015-01-01,PF - Empregado de empresa privada,86670088881.22,948731031.09,835841,103692.07646097762
2015-01-01,PF - Empregado de entidades sem fins lucrativos,527351139.09000003,6500912.899999999,4585,115016.60612649946
2015-01-01,PF - Empresário,54733956236.76,907746768.21,374311,146225.88231914103
2015-01-01,PF - Outros,186353571822.57,3540833247.54,2432636,76605.612932872
2015-01-01,PF - Servidor ou empregado público,61950931013.01,452975815.26,561196,110390.89910300501
2015-02-01,PF - Aposentado/pensionista,4677839266.36,51751242.48,63271,73933.38601191698
2015-02-01,PF - Autônomo,31229230792.81,587572258.2,246114,126889.29029965789
2015-02-01,PF - Empregado de empresa privada,87233234406.83,1017644064.93,837453,104164.9315326711
2015-02-01,PF - Empregado de entidades sem fins lucrativos,531383570.87,8195758.63,4615,115142.70224702058
2015-02-01,PF - Empresário,55225920000.29,1009024323.18,376082,146845.42200980106
2015-02-01,PF - Outros,189544148875.31,3931014468.4,2462905,76959.58588549294
2015-02-01,PF - Servidor ou empregado público,62389753512.71,486486273.19,563045,110807.75695141595
2015-03-01,PF - Aposentado/pensionista,4699481873.08,46295406.52,63219,74336.54238567519
2015-03-01,PF - Autônomo,31631469125.65,583151020.74,247694,127703.81650605182
2015-03-01,PF - Empregado de empresa privada,88277688780.62,963822607.26,840323,105052.09161312971
2015-03-01,PF - Empregado de entidades sem fins lucrativos,534246931.85,5593708.65,4605,116014.53460369165
2015-03-01,PF - Empresário,55947555403.89,1004127186.7,378644,147757.67053984746
2015-03-01,PF - Outros,194232347967.09,3764459206.12,2502346,77620.10048454131
2015-03-01,PF - Servidor ou empregado público,63192440699.64,451851678.44,565933,111660.6395096946
2015-04-01,PF - Aposentado/pensionista,4750278300.12,48899096.57,63431,74888.90763380681
2015-04-01,PF - Autônomo,32113538225.14,631340854.27,249516,128703.32253298386
2015-04-01,PF - Empregado de empresa privada,89346316539.69,1039760257.72,844068,105852.036257375
2015-04-01,PF - Empregado de entidades sem fins lucrativos,548975558.78,5798300.31,4717,116382.35293194826
2015-04-01,PF - Empresário,56600619234.74,1083522754.98,381403,148401.08555711413
2015-04-01,PF - Outros,198965015875.61002,4188375467.18,2540285,78323.89510452961
2015-04-01,PF - Servidor ou empregado público,64288919320.47,499843008.95,573721,112056.06788050289
2015-05-01,PF - Aposentado/pensionista,4758466999.2699995,53620746.08,63334,75132.89858954116
2015-05-01,PF - Autônomo,32390837995.43,659483821.88,250514,129297.5162882314
2015-05-01,PF - Empregado de empresa privada,89863816848.08,1088574515.15,845171,106326.19534754506
2015-05-01,PF - Empregado de entidades sem fins lucrativos,550499484.91,6757022.9,4708,116928.52270815632
2015-05-01,PF - Empresário,57043109326.14,1108413387.56,382739,149039.1868248075
2015-05-01,PF - Outros,202744571720.08002,4422674811.31,2573959,78767.59953055975
2015-05-01,PF - Servidor ou empregado público,64717852395.38,519951954.4,575200,112513.65159141168
2015-06-01,PF - Aposentado/pensionista,4766541642.17,45774355.65,63243,75368.68336685484
2015-06-01,PF - Autônomo,32622556107.5,592868608.03,251308,129811.05300070034
2015-06-01,PF - Empregado de empresa privada,90394866161.67,959696048.34,846292,106812.85674645394
2015-06-01,PF - Empregado de entidades sem fins lucrativos,553321852.7,5550702.6,4717,117303.76355734578
2015-06-01,PF - Empresário,57445235570.5,1011040320.36,384108,149554.90531439075
2015-06-01,PF - Outros,206634618132.3,4002169683.34,2609374,79189.345081349
2015-06-01,PF - Servidor ou empregado público,65155110945.4,450220298.01,576662,112986.65586669488
2015-07-01,PF - Aposentado/pensionista,4774168424.2300005,47398287.24,63046,75725.15979173937
2015-07-01,PF - Autônomo,32880121347.100002,633298326.8,252258,130343.22537679678
2015-07-01,PF - Empregado de empresa privada,91003336352.53,1004521652.62,847816,107338.54557183398
2015-07-01,PF - Empregado de entidades sem fins lucrativos,553689866.3,6766534.63,4696,117906.70066013628
2015-07-01,PF - Empresário,57847935662.18,1102878634.38,385573,150031.08532542476
2015-07-01,PF - Outros,210810182660.61002,4211625381.47,2647317,79631.63559959386
2015-07-01,PF - Servidor ou empregado público,65552491288.3,468033333.84,578042,113404.37422938127
2015-08-01,PF - Aposentado/pensionista,4779251002.22,49465027.21,63298,75503.98120351354
2015-08-01,PF - Autônomo,33124872749.05,654839577.48,254272,130273.3794875173
2015-08-01,PF - Empregado de empresa privada,91526095572.11,1023430484.21,850920,107561.34016371692
2015-08-01,PF - Empregado de entidades sem fins lucrativos,557237943.96,6409986.53,4748,117362.66721988206
2015-08-01,PF - Empresário,58198680460.76,1118622334.36,387797,150075.11780844102
2015-08-01,PF - Outros,214477157439.51,4278564097.13,2692230,79665.24310311898
2015-08-01,PF - Servidor ou empregado público,66021947296.58,488540702.04,583067,113232.17965787809
2015-09-01,PF - Aposentado/pensionista,4766025613.559999,49888518.39,62944,75718.50555350787
2015-09-01,PF - Autônomo,33265994700.170002,659767611.54,254512,130705.01469545641
2015-09-01,PF - Empregado de empresa privada,91809575793.94,1036126976.66,849714,108047.62048635188
2015-09-01,PF - Empregado de entidades sem fins lucrativos,555290924.96,5777687.71,4718,117696.25370072066
2015-09-01,PF - Empresário,58479107559.49,1149502106.16,388348,150584.2892444148
2015-09-01,PF - Outros,217944108204.06,4265527899.86,2722304,80058.6959443398
2015-09-01,PF - Servidor ou empregado público,66196504372.19,483376840.66,581985,113742.62974507935
2015-10-01,PF - Aposentado/pensionista,4766299927.72,52839097.62,62858,75826.46485284292
2015-10-01,PF - Autônomo,33481881290.24,768308802.45,255345,131124.092072451
2015-10-01,PF - Empregado de empresa privada,92362299070.31,1221374017.53,851750,108438.27304996771
2015-10-01,PF - Empregado de entidades sem fins lucrativos,561289940.12,7090056.9799999995,4728,118716.14638747885
2015-10-01,PF - Empresário,58738707575.8,1337147683.98,389483,150811.99327262037
2015-10-01,PF - Outros,221189467358.11002,5038836681.16,2749512,80446.80923673365
2015-10-01,PF - Servidor ou empregado público,66504619561.31,580289208.46,583109,114051.78030404264
2015-11-01,PF - Aposentado/pensionista,4749714224.71,56570057.6,62446,76061.14442414246
2015-11-01,PF - Autônomo,33508221693.510002,800699131.11,254900,131456.34246178894
2015-11-01,PF - Empregado de empresa privada,92645150692.42,1277728555.6,851275,108831.04835971924
2015-11-01,PF - Empregado de entidades sem fins lucrativos,562749793.13,6772813.7,4729,118999.74479382533
2015-11-01,PF - Empresário,58736796068.520004,1391813037.3,388496,151190.22092510606
2015-11-01,PF - Outros,224424287695.71,5233810278.64,2777450,80802.27823928783
2015-11-01,PF - Servidor ou empregado público,66755787221.64,605715034.84,583223,114460.14169818406
2015-12-01,PF - Aposentado/pensionista,4747250954.0,50094794.63,62318,76177.8451490741
2015-12-01,PF - Autônomo,33695447836.47,718375383.71,256427,131403.66590284955
2015-12-01,PF - Empregado de empresa privada,93134133131.49,1086390407.49,852489,109249.65968064105
2015-12-01,PF - Empregado de entidades sem fins lucrativos,566958722.5,5201804.2,4744,119510.69192664418
2015-12-01,PF - Empresário,59039614237.06,1255625421.76,390617,151144.50788639512
2015-12-01,PF - Outros,228608401685.68,4789918816.99,2859828,79937.81503142147
2015-12-01,PF - Servidor ou empregado público,67101816431.41,510320778.91,584156,114869.686233489
2016-01-01,PF - Aposentado/pensionista,14922202052.22,163524785.16,170100,87726.0555686067
2016-01-01,PF - Autônomo,25760880007.67,436981069.85,173558,148428.07596117724
2016-01-01,PF - Empregado de empresa privada,126369757373.31999,1065571023.62,1248612,101208.1874700227
2016-01-01,PF - Empregado de entidades sem fins lucrativos,415000981.17,3490079.64,3613,114863.26630777748
2016-01-01,PF - Empresário,73893626145.59,1326795474.82,417264,177090.8253422054
2016-01-01,PF - MEI,2615675661.04,39544196.2,29306,89253.92960622397
2016-01-01,PF - Outros,153618207134.79,5174862468.02,2168638,70836.26088576794
2016-01-01,PF - Servidor ou empregado público,92084388107.56,684454447.97,839889,109638.75953555768
2016-02-01,PF - Aposentado/pensionista,14899924205.68,171563702.51,169837,87730.73126397663
2016-02-01,PF - Autônomo,25859938086.45,474783481.27,173868,148733.16588705225
2016-02-01,PF - Empregado de empresa privada,127154517472.15999,1115631878.64,1254815,101333.27819013958
2016-02-01,PF - Empregado de entidades sem fins lucrativos,417860032.99,3552690.7800000003,3628,115176.4148263506
2016-02-01,PF - Empresário,74068827666.02,1422836824.46,417905,177238.43377327383
2016-02-01,PF - MEI,2620813871.05,41974005.64,29358,89270.85874548675
2016-02-01,PF - Outros,154938233300.91,5360382842.11,2187039,70843.83648435624
2016-02-01,PF - Servidor ou empregado público,92489463063.18,728848258.84,842411,109791.3762559843
2016-03-01,PF - Aposentado/pensionista,14946005447.6,164616508.3,170404,87709.24067275417
2016-03-01,PF - Autônomo,25961691215.85,435704308.42,174366,148891.9354452703
2016-03-01,PF - Empregado de empresa privada,128464874627.83,1079324431.44,1263472,101676.07562955887
2016-03-01,PF - Empregado de entidades sem fins lucrativos,422119983.46,3034978.89,3677,114800.1042861028
2016-03-01,PF - Empresário,74411750199.2,1362154001.11,419061,177567.82473005122
2016-03-01,PF - MEI,2642047648.75,41165005.94,29539,89442.69097633637
2016-03-01,PF - Outros,156685431656.33002,5167954418.58,2219389,70598.45374394936
2016-03-01,PF - Servidor ou empregado público,93285621679.7,704259739.72,848027,110003.12688121958
2016-04-01,PF - Aposentado/pensionista,14677226435.77,171718060.56,167358,87699.58075365385
2016-04-01,PF - Autônomo,25874298497.46,467621542.03000003,172693,149828.29933732114
2016-04-01,PF - Empregado de empresa privada,128972403357.08,1143005954.16,1264254,102014.62946297185
2016-04-01,PF - Empregado de entidades sem fins lucrativos,423810529.38,3258063.66,3660,115795.22660655738
2016-04-01,PF - Empresário,74235237789.22,1413360547.21,415179,178802.96881398145
2016-04-01,PF - MEI,2652914601.83,43584570.58,29585,89670.93465708973
2016-04-01,PF - Outros,157960723770.13,5305471607.03,2237122,70608.90008239604
2016-04-01,PF - Servidor ou empregado público,92601676999.51,748286796.99,838233,110472.47841532127
2016-05-01,PF - Aposentado/pensionista,14665217221.57,172237441.99,167087,87769.9475217701
2016-05-01,PF - Autônomo,25944678999.010002,455617622.54,173059,149918.1146257057
2016-05-01,PF - Empregado de empresa privada,130170455850.41,1136234977.07,1272841,102267.6483947406
2016-05-01,PF - Empregado de entidades sem fins lucrativos,427671966.85,2907471.66,3684,116089.02466069491
2016-05-01,PF - Empresário,74326380140.8,1398894166.49,415858,178730.19189434857
2016-05-01,PF - MEI,2675060501.16,43777035.49,29799,89770.14333232658
2016-05-01,PF - Outros,159390846790.46,5308943580.24,2253997,70714.7555167376
2016-05-01,PF - Servidor ou empregado público,93198746461.81,763925882.94,841727,110723.2469218761
2016-06-01,PF - Aposentado/pensionista,14683355237.14,142828084.62,168671,87053.22928742936
2016-06-01,PF - Autônomo,26078639868.48,371321826.63,174785,149204.10715152902
2016-06-01,PF - Empregado de empresa privada,131389645924.32,865723081.13,1289435,101897.06803702397
2016-06-01,PF - Empregado de entidades sem fins lucrativos,432430192.18,2368484.28,3754,115191.84661161428
2016-06-01,PF - Empresário,74531239428.33,1114208785.84,418651,178027.1381850993
2016-06-01,PF - MEI,2702356332.38,36789321.82,30499,88604.75203711598
2016-06-01,PF - Outros,161293063006.87,4236918526.55,2396558,67301.96515455499
2016-06-01,PF - Servidor ou empregado público,93963048994.13,622232387.52,853544,110085.77061537543
2016-07-01,PF - Aposentado/pensionista,14679339479.57,153698118.48,168408,87165.33347329106
2016-07-01,PF - Autônomo,26182825017.91,397207256.3,175358,149310.69593579991
2016-07-01,PF - Empregado de empresa privada,132734718765.58,948303339.21,1298343,102233.9387708641
2016-07-01,PF - Empregado de entidades sem fins lucrativos,428303649.58,2278127.45,3725,114980.84552483221
2016-07-01,PF - Empresário,74854848606.05,1181847529.7,419978,178235.16614215507
2016-07-01,PF - MEI,2726175759.67,39779910.19,30671,88884.47587851717
2016-07-01,PF - Outros,163014114255.32,4530509473.91,2411554,67597.12378628884
2016-07-01,PF - Servidor ou empregado público,94624847761.39,659050938.44,856804,110439.31606457253
2016-08-01,PF - Aposentado/pensionista,14686012211.52,149648720.39000002,168264,87279.58571958351
2016-08-01,PF - Autônomo,26323919730.56,402050361.62,175873,149675.73038817785
2016-08-01,PF - Empregado de empresa privada,134222191874.23,952027206.3199999,1308201,102600.58803978135
2016-08-01,PF - Empregado de entidades sem fins lucrativos,437426626.15,1708328.56,3771,115997.51422699548
2016-08-01,PF - Empresário,75170183715.25,1221157444.27,420997,178552.7776094604
2016-08-01,PF - MEI,2753009643.48,39180907.11,30859,89212.53583978742
2016-08-01,PF - Outros,164881489612.47,4526455035.16,2429334,67871.06656082284
2016-08-01,PF - Servidor ou empregado público,95409370521.65,689701953.34,860408,110888.52093617214
2016-09-01,PF - Aposentado/pensionista,14684716369.43,160204456.51,168392,87205.54640024467
2016-09-01,PF - Autônomo,26400454358.670002,418166071.61,176415,149649.71435915315
2016-09-01,PF - Empregado de empresa privada,135446605850.56,1047250637.67,1317018,102843.39762293301
2016-09-01,PF - Empregado de entidades sem fins lucrativos,439868300.90999997,2912319.4499999997,3791,116029.62303086257
2016-09-01,PF - Empresário,75514044655.2,1268763661.51,422457,178749.6589125047
2016-09-01,PF - MEI,2775003805.0,44270098.18,31013,89478.72843646213
2016-09-01,PF - Outros,166270045326.17,4880229027.93,2443635,68042.09520905127
2016-09-01,PF - Servidor ou empregado público,95987310037.56999,752059403.02,864891,110981.97349442876
2016-10-01,PF - Aposentado/pensionista,14180681273.09,163220698.29,164276,86322.2946327522
2016-10-01,PF - Autônomo,26132508589.93,447112877.17,174567,149699.0186571918
2016-10-01,PF - Empregado de empresa privada,135009529834.62,1107025253.1299999,1311986,102904.70312535347
2016-10-01,PF - Empregado de entidades sem fins lucrativos,446593997.89,2732859.04,3845,116149.284236671
2016-10-01,PF - Empresário,74647863076.61,1330132257.72,417708,178708.24374110624
2016-10-01,PF - MEI,2765805910.58,46014794.24,30917,89459.06493450205
2016-10-01,PF - Outros,166672717574.94,5057000954.75,2444593,68180.15005971956
2016-10-01,PF - Servidor ou empregado público,94308423128.43,771062695.58,851619,110740.15860194522
2016-11-01,PF - Aposentado/pensionista,14160673072.74,162835992.49,164004,86343.46157862003
2016-11-01,PF - Autônomo,26230729401.3,420769579.26,174978,149908.7279618009
2016-11-01,PF - Empregado de empresa privada,136365631129.85,1081286745.88,1321250,103209.5599847493
2016-11-01,PF - Empregado de entidades sem fins lucrativos,449182178.27,3075294.34,3858,116428.76575168481
2016-11-01,PF - Empresário,74881541277.08,1302688056.32,418542,178910.45887170226
2016-11-01,PF - MEI,2784761389.91,46882726.73,31062,89651.70915942309
2016-11-01,PF - Outros,168406769182.46,4914519283.83,2469455,68195.92549062849
2016-11-01,PF - Servidor ou empregado público,95063249968.8,747674674.41,855446,111127.11961807057
2016-12-01,PF - Aposentado/pensionista,14119031337.3,139361300.5,163566,86320.08692087597
2016-12-01,PF - Autônomo,26261762058.47,361151577.0,175292,149817.23101151222
2016-12-01,PF - Empregado de empresa privada,138334537310.66,847230755.02,1336311,103519.71757372348
2016-12-01,PF - Empregado de entidades sem fins lucrativos,440088606.8,2492219.37,3749,117388.26535076021
2016-12-01,PF - Empresário,74833911447.43,1136449718.31,418753,178706.56794680873
2016-12-01,PF - MEI,2805504710.05,38513630.09,31220,89862.41864349776
2016-12-01,PF - Outros,171050785618.89,4187715216.16,2500893,68395.88323806337
2016-12-01,PF - Servidor ou empregado público,96051857439.26,615364635.65,861463,111498.52917566976
2017-01-01,PF - Aposentado/pensionista,17162396466.76,193306119.18,210413,81565.28573215533
2017-01-01,PF - Autônomo,38484021705.44,1041050281.64,349136,110226.44959396913
2017-01-01,PF - Empregado de empresa privada,168619033083.91,1775338791.94,1765165,95525.9327507117
2017-01-01,PF - Empregado de entidades sem fins lucrativos,614493313.27,7219946.42,6511,94377.71667485793
2017-01-01,PF - Empresário,88593496309.4,1966999364.54,573732,154416.16697238432
2017-01-01,PF - MEI,5099470409.92,106629508.14,59654,85484.13199316055
2017-01-01,PF - Outros,107283609918.65,2071058047.62,1624796,66028.9722024488
2017-01-01,PF - Servidor ou empregado público,99858575229.14,766622838.7,922458,108252.7066046801
2017-02-01,PF - Aposentado/pensionista,17152427830.71,206133134.46,210320,81553.9550718429
2017-02-01,PF - Autônomo,38603883761.51,1153590322.52,350206,110231.93138184384
2017-02-01,PF - Empregado de empresa privada,170025893740.96,2049221432.71,1776675,95698.92847085708
2017-02-01,PF - Empregado de entidades sem fins lucrativos,622549848.34,8648818.34,6606,94240.06181350288
2017-02-01,PF - Empresário,88746188397.97,2208525330.04,574773,154402.1524984124
2017-02-01,PF - MEI,5124045117.05,125984984.16,59938,85489.09067786713
2017-02-01,PF - Outros,108400808835.22,2333794127.65,1634170,66333.86296114848
2017-02-01,PF - Servidor ou empregado público,100480809326.83,837667552.46,927203,108369.80610160882
2017-03-01,PF - Aposentado/pensionista,17123564884.98,203153621.53,209730,81645.75828436561
2017-03-01,PF - Autônomo,38659749189.15,1148098942.39,349964,110467.78865583318
2017-03-01,PF - Empregado de empresa privada,171130504426.14,2057018003.53,1784318,95908.07492058031
2017-03-01,PF - Empregado de entidades sem fins lucrativos,620773322.84,7988129.05,6570,94486.04609436834
2017-03-01,PF - Empresário,88718286500.32,2173460856.34,574357,154465.40479235043
2017-03-01,PF - MEI,5142990221.56,127155028.75,60004,85710.789640024
2017-03-01,PF - Outros,109551838384.2,2391538271.18,1634894,67008.52678167514
2017-03-01,PF - Servidor ou empregado público,100983609650.18,875762316.11,928881,108715.33560292437
2017-04-01,PF - Aposentado/pensionista,17086187976.53,215508144.0,209676,81488.52504115875
2017-04-01,PF - Autônomo,38773481513.72,1203514260.36,350977,110472.99826974417
2017-04-01,PF - Empregado de empresa privada,172447120369.48,2271739751.4,1795599,96038.77055482878
2017-04-01,PF - Empregado de entidades sem fins lucrativos,624405539.76,10002017.540000001,6609,94478.06623694961
2017-04-01,PF - Empresário,88867442696.14,2314353163.15,575391,154447.05025997973
2017-04-01,PF - MEI,5177312258.42,134420552.33,60388,85734.12364078956
2017-04-01,PF - Outros,110605043676.8,2652727786.9,1643080,67315.67767655865
2017-04-01,PF - Servidor ou empregado público,101510186688.66,945469902.51,933834,108702.6031271725
2017-05-01,PF - Aposentado/pensionista,17008662620.61,219283281.1,208954,81399.07645036707
2017-05-01,PF - Autônomo,38854121657.23,1201046954.83,351541,110525.14971861035
2017-05-01,PF - Empregado de empresa privada,173746027258.01,2332510707.77,1806134,96197.75014368258
2017-05-01,PF - Empregado de entidades sem fins lucrativos,625005696.92,10534292.82,6610,94554.56836913766
2017-05-01,PF - Empresário,88842203557.26,2309790328.7,575685,154324.332850882
2017-05-01,PF - MEI,5214292506.43,144453778.66,60713,85884.28353779257
2017-05-01,PF - Outros,111773409434.6,2733123672.45,1650088,67737.84757818977
2017-05-01,PF - Servidor ou empregado público,102002164702.44,973811324.9399999,936420,108927.79383443327
2017-06-01,PF - Aposentado/pensionista,16958506096.87,183797991.14,208346,81395.88039544797
2017-06-01,PF - Autônomo,38986630665.5,949151422.17,352587,110573.08030500273
2017-06-01,PF - Empregado de empresa privada,175423036129.1,1766618895.73,1818775,96451.20266613517
2017-06-01,PF - Empregado de entidades sem fins lucrativos,634236042.8199999,9779569.41,6694,94746.94395279353
2017-06-01,PF - Empresário,88902885100.91,1813136626.52,576206,154290.10649127222
2017-06-01,PF - MEI,5260922328.83,112390653.48,61136,86052.77297876864
2017-06-01,PF - Outros,113194509366.43,2224629854.68,1660988,68148.90256066268
2017-06-01,PF - Servidor ou empregado público,102610054323.44,769628321.78,939561,109210.63594959774
2017-07-01,PF - Aposentado/pensionista,16919433349.35,202296460.43,207796,81423.28701875878
2017-07-01,PF - Autônomo,39110803842.16,1079779512.89,353464,110650.0346348143
2017-07-01,PF - Empregado de empresa privada,177098867880.27,2110620977.48,1831905,96674.70086072694
2017-07-01,PF - Empregado de entidades sem fins lucrativos,644223050.88,9704867.17,6775,95088.27319261992
2017-07-01,PF - Empresário,89050377714.28,2128800549.5,577204,154278.86451632352
2017-07-01,PF - MEI,5310131499.25,128530695.66,61596,86209.03141843627
2017-07-01,PF - Outros,114580065307.65,2531537587.46,1673003,68487.66278820181
2017-07-01,PF - Servidor ou empregado público,103208025942.16,889482694.0,943331,109408.07197278581
2017-08-01,PF - Aposentado/pensionista,16860185776.99,205992978.43,207471,81265.26491408437
2017-08-01,PF - Autônomo,39202663038.82,1041703059.36,354580,110560.84110446162
2017-08-01,PF - Empregado de empresa privada,178600715254.36002,2064936836.55,1845399,96781.62568331294
2017-08-01,PF - Empregado de entidades sem fins lucrativos,646356629.4,8814585.06,6812,94885.00137991778
2017-08-01,PF - Empresário,89080401220.49,2000986823.28,577909,154142.6093389963
2017-08-01,PF - MEI,5348028012.53,126040772.49,61954,86322.56210301191
2017-08-01,PF - Outros,116017276213.28,2523101387.47,1686855,68777.26669647361
2017-08-01,PF - Servidor ou empregado público,103706655439.33,864271365.55,947444,109459.40386907301
2017-09-01,PF - Aposentado/pensionista,16790672439.81,203767387.55,206903,81152.38754300323
2017-09-01,PF - Autônomo,39245678862.83,1033886714.87,355202,110488.33864344796
2017-09-01,PF - Empregado de empresa privada,179640104378.2,2049080558.83,1853971,96894.77579649305
2017-09-01,PF - Empregado de entidades sem fins lucrativos,647946859.22,8980856.43,6836,94784.50251901697
2017-09-01,PF - Empresário,89047942293.89,1991049331.01,578224,154002.501269214
2017-09-01,PF - MEI,5380694963.46,125694870.29,62209,86493.83470976868
2017-09-01,PF - Outros,117012255227.59,2509028087.57,1695880,68997.95694718376
2017-09-01,PF - Servidor ou empregado público,103983049776.72,867673623.11,950454,109403.55848543959
2017-10-01,PF - Aposentado/pensionista,16708350345.12,199376558.12,206133,81056.16444295674
2017-10-01,PF - Autônomo,39272818015.06,1039982774.57,355177,110572.52585347586
2017-10-01,PF - Empregado de empresa privada,180389212769.71,2106845711.31,1860459,96959.52061814316
2017-10-01,PF - Empregado de entidades sem fins lucrativos,654821187.09,7698895.85,6845,95664.16173703433
2017-10-01,PF - Empresário,88915957086.46,1986044105.43,578267,153762.8069498346
2017-10-01,PF - MEI,5400705526.05,132799445.98,62391,86562.2529860076
2017-10-01,PF - Outros,117935400289.22,2623700052.44,1696162,69530.74074836013
2017-10-01,PF - Servidor ou empregado público,104176311998.11,864948281.18,951444,109492.84666056016
2017-11-01,PF - Aposentado/pensionista,16609465195.78,195483535.31,205663,80760.58987654561
2017-11-01,PF - Autônomo,39309592490.17,1033172235.93,355531,110565.8648336432
2017-11-01,PF - Empregado de empresa privada,181363515323.77,2097916272.74,1871994,96882.53024516637
2017-11-01,PF - Empregado de entidades sem fins lucrativos,658805346.45,8727478.29,6881,95742.67496730127
2017-11-01,PF - Empresário,88833820506.01,1924092374.12,578278,153617.84557947906
2017-11-01,PF - MEI,5428226348.2300005,128097399.09,62671,86614.64390595331
2017-11-01,PF - Outros,119379072878.04,2632662371.99,1701126,70176.50243311783
2017-11-01,PF - Servidor ou empregado público,104284669645.52,860326215.93,954459,109260.5021750751
2017-12-01,PF - Aposentado/pensionista,16500592219.29,161419549.62,204810,80565.3640900835
2017-12-01,PF - Autônomo,39276081510.59,839239582.6899999,355546,110466.94804776314
2017-12-01,PF - Empregado de empresa privada,182192985298.48,1582402250.85,1879361,96944.11307805154
2017-12-01,PF - Empregado de entidades sem fins lucrativos,657652831.44,6819037.72,6851,95993.69894030069
2017-12-01,PF - Empresário,88609029934.94,1528800783.19,578128,153268.87805977222
2017-12-01,PF - MEI,5438581325.75,97743359.1,62822,86571.28594680208
2017-12-01,PF - Outros,120598604341.87,2212563064.03,1711761,70452.94544148978
2017-12-01,PF - Servidor ou empregado público,104376085745.33,679284803.71,955071,109286.20568034209
2018-01-01,PF - Aposentado/pensionista,23986863422.16,274826766.48,287842,83333.43786577358
2018-01-01,PF - Autônomo,38872595873.15,1113851187.24,352502,110276.2420444423
2018-01-01,PF - Empregado de empresa privada,185285253706.22,2300550718.34,1967086,94192.75705598027
2018-01-01,PF - Empregado de entidades sem fins lucrativos,588069022.58,7953757.66,6170,95311.0247293355
2018-01-01,PF - Empresário,94509208035.41,2121564406.25,621606,152040.37289763935
2018-01-01,PF - MEI,8834652628.52,208919921.1,102961,85805.81607132798
2018-01-01,PF - Outros,104394272756.48,2586673123.5,1475158,70768.19754662212
2018-01-01,PF - Servidor ou empregado público,103325955112.54,929557067.67,961929,107415.36549219329
2018-02-01,PF - Aposentado/pensionista,23902653947.98,281772662.4,287531,83130.70224768807
2018-02-01,PF - Autônomo,38864275546.79,1147114673.45,353212,110031.01691559177
2018-02-01,PF - Empregado de empresa privada,186278533562.21,2501598740.53,1978885,94133.0767387746
2018-02-01,PF - Empregado de entidades sem fins lucrativos,589719543.17,9086398.83,6200,95116.05535
2018-02-01,PF - Empresário,94445477908.32,2169046977.3,622399,151744.26358062917
2018-02-01,PF - MEI,8860779685.85,230348272.56,103410,85685.90741562712
2018-02-01,PF - Outros,105100320283.47,2820280600.63,1484526,70797.22435543062
2018-02-01,PF - Servidor ou empregado público,103606336268.01,970015622.95,966105,107241.27943444035
2018-03-01,PF - Aposentado/pensionista,23854333480.55,271957853.71,287171,83066.6518574299
2018-03-01,PF - Autônomo,38938100809.42,1094084473.56,353751,110072.05862151626
2018-03-01,PF - Empregado de empresa privada,187523156707.72998,2389781285.02,1990662,94201.4047124675
2018-03-01,PF - Empregado de entidades sem fins lucrativos,591461874.87,8915117.37,6231,94922.46427058257
2018-03-01,PF - Empresário,94462225028.81999,2038279734.33,623020,151619.89186353568
2018-03-01,PF - MEI,8902691275.99,220307459.5,103759,85801.62950674158
2018-03-01,PF - Outros,106006904932.3,2788808943.85,1493541,70976.8964710711
2018-03-01,PF - Servidor ou empregado público,104050118378.68,915348807.29,969659,107305.88627412316
2018-04-01,PF - Aposentado/pensionista,23748775618.31,260913868.44,286320,82944.87153642777
2018-04-01,PF - Autônomo,38967282410.29,1076818399.23,354320,109977.65412703206
2018-04-01,PF - Empregado de empresa privada,188828386144.32,2424401764.89,2003256,94260.73659298662
2018-04-01,PF - Empregado de entidades sem fins lucrativos,595679232.76,8881801.6,6290,94702.58072496025
2018-04-01,PF - Empresário,94478185795.56,1988098340.58,623393,151554.77491014497
2018-04-01,PF - MEI,8942228619.27,216814738.88,104259,85769.3687765085
2018-04-01,PF - Outros,106912850716.76,2861719207.54,1504499,71062.09490119967
2018-04-01,PF - Servidor ou empregado público,104391233481.82,913427650.19,972755,107315.03151545869
2018-05-01,PF - Aposentado/pensionista,23637175504.71,264546385.93,285493,82794.23840412899
2018-05-01,PF - Autônomo,38994998120.93,1067793858.95,354903,109875.0873363426
2018-05-01,PF - Empregado de empresa privada,190360255132.81,2388980887.2799997,2018411,94311.93901183158
2018-05-01,PF - Empregado de entidades sem fins lucrativos,593258353.92,8705403.09,6277,94513.04029313366
2018-05-01,PF - Empresário,94543565028.61,1973766976.98,624103,151487.11835804346
2018-05-01,PF - MEI,8997988529.36,218098528.19,104840,85825.9111919115
2018-05-01,PF - Outros,107975369117.43,2899700008.7,1512428,71392.07229529604
2018-05-01,PF - Servidor ou empregado público,104755553576.95,912878588.82,975389,107398.74406718755
2018-06-01,PF - Aposentado/pensionista,23570064514.14,247282690.19,284905,82729.55727045856
2018-06-01,PF - Autônomo,39087134900.07,964976790.24,355870,109835.43119698204
2018-06-01,PF - Empregado de empresa privada,191997138886.61002,2183970301.95,2033254,94428.506663019
2018-06-01,PF - Empregado de entidades sem fins lucrativos,599589997.29,7218502.0,6325,94796.83751620553
2018-06-01,PF - Empresário,94630205239.72,1739883915.99,624844,151446.12933743463
2018-06-01,PF - MEI,9054678248.54,199291372.92,105410,85899.6134004364
2018-06-01,PF - Outros,109007101806.88,2714844455.62,1522888,71579.19808080437
2018-06-01,PF - Servidor ou empregado público,105266694572.83,830612691.19,979361,107485.07912080428
2018-07-01,PF - Aposentado/pensionista,23453342252.85,243252169.94,283733,82659.9029822051
2018-07-01,PF - Autônomo,39134449571.44,997114513.75,356388,109808.5501516325
2018-07-01,PF - Empregado de empresa privada,193473840562.13,2254862216.21,2046621,94533.30175060747
2018-07-01,PF - Empregado de entidades sem fins lucrativos,600233048.64,6689698.79,6334,94763.66413640669
2018-07-01,PF - Empresário,94698335929.47,1738684406.09,625228,151462.08411886543
2018-07-01,PF - MEI,9103000312.29,202482320.99,105831,86014.49775859626
2018-07-01,PF - Outros,109995198663.16,2777350611.04,1531690,71812.96389162297
2018-07-01,PF - Servidor ou empregado público,105612173215.07,829579002.74,981345,107619.82097536545
2018-08-01,PF - Aposentado/pensionista,23293092204.77,220800602.22,282237,82530.2572120948
2018-08-01,PF - Autônomo,39195683232.38,880005100.16,356907,109820.43846822841
2018-08-01,PF - Empregado de empresa privada,195263947972.45,2036173457.54,2062421,94677.0557381107
2018-08-01,PF - Empregado de entidades sem fins lucrativos,603952096.15,6606625.12,6406,94279.12834061816
2018-08-01,PF - Empresário,94759464469.9,1544778981.54,625401,151517.9292484342
2018-08-01,PF - MEI,9154148535.6,173550419.26,106298,86117.78712299385
2018-08-01,PF - Outros,111266052364.99,2591808260.02,1544071,72060.19176902487
2018-08-01,PF - Servidor ou empregado público,106041166070.41,749047520.35,984022,107763.00333774042
2018-12-01,PF - Aposentado/pensionista,20834473183.98,172240982.92,273493,76179.18258960923
2018-12-01,PF - Autônomo,39761496256.63,712477811.1,376501,105607.94329000454
2018-12-01,PF - Empregado de empresa privada,200372718389.8,1682619417.17,2170611,92311.66634178118
2018-12-01,PF - Empregado de entidades sem fins lucrativos,648676444.59,5382586.71,7132,90952.95072770612
2018-12-01,PF - Empresário,92882276900.95,1316638294.94,635815,146083.8088138059
2018-12-01,PF - MEI,8072231776.63,127358737.42,97047,83178.58127123972
2018-12-01,PF - Outros,122490574886.79001,2355857383.1,1764598,69415.56937432209
2018-12-01,PF - Servidor ou empregado público,108232847817.46,597334820.98,1024807,105612.90839881072
2019-01-01,PF - Aposentado/pensionista,22888195194.170002,210212356.48,302240,75728.54418399285
2019-01-01,PF - Autônomo,39428245127.87,801838534.17,377074,104563.68014731858
2019-01-01,PF - Empregado de empresa privada,201753296773.25,2040524529.23,2224486,90696.59093078131
2019-01-01,PF - Empregado de entidades sem fins lucrativos,639003057.84,6244917.86,7074,90331.22106870229
2019-01-01,PF - Empresário,95072563158.04,1539627053.04,660722,143891.92906856438
2019-01-01,PF - MEI,9348554398.06,173839510.43,113785,82159.81366665201
2019-01-01,PF - Outros,116041589295.22,2620450916.98,1694651,68475.21365474071
2019-01-01,PF - Servidor ou empregado público,107528473548.53,716328973.45,1043022,103093.19798482678
2019-02-01,PF - Aposentado/pensionista,20369608540.18,185856665.42,270174,75394.40708647021
2019-02-01,PF - Autônomo,39741002195.85,840343697.39,379363,104757.19085901893
2019-02-01,PF - Empregado de empresa privada,200194608838.76,2053001208.22,2173370,92112.52977576759
2019-02-01,PF - Empregado de entidades sem fins lucrativos,662961810.6,5448627.75,7321,90556.18229750035
2019-02-01,PF - Empresário,93077203987.04001,1534107337.78,642494,144868.5964180833
2019-02-01,PF - MEI,7983678960.66,158266405.89000002,96214,82978.34993514458
2019-02-01,PF - Outros,126427228742.45,2917039881.2200003,1839297,68736.71231043708
2019-02-01,PF - Servidor ou empregado público,108010003459.22,709759132.21,1038970,103958.73168543847
2019-03-01,PF - Aposentado/pensionista,22766076664.22,232159128.61,299294,76065.93070432419
2019-03-01,PF - Autônomo,39571950303.37,895369227.49,376737,105038.66172786322
2019-03-01,PF - Empregado de empresa privada,204960554351.98,2385091107.21,2242866,91383.32577692113
2019-03-01,PF - Empregado de entidades sem fins lucrativos,628956620.9399999,6270928.5600000005,6838,91979.61698449838
2019-03-01,PF - Empresário,95568826897.98,1635120235.68,660242,144748.1785435946
2019-03-01,PF - MEI,9438323611.11,211859113.42,114092,82725.55140684711
2019-03-01,PF - Outros,118374863311.11,3057133441.3,1708577,69282.7208320784
2019-03-01,PF - Servidor ou empregado público,108452420770.8,797596026.64,1048588,103427.10461191622
2019-04-01,PF - Aposentado/pensionista,22669317267.2,227027089.08,294955,76856.86720754014
2019-04-01,PF - Autônomo,39586789979.78,886358461.95,373069,106111.17509034522
2019-04-01,PF - Empregado de empresa privada,206344766199.57,2385476350.2,2241185,92069.49279045238
2019-04-01,PF - Empregado de entidades sem fins lucrativos,620054844.82,5332326.36,6719,92283.79890162227
2019-04-01,PF - Empresário,95458983140.83,1561139409.02,655297,145672.85237202368
2019-04-01,PF - MEI,9496896907.78,200947802.92,113494,83677.52399051933
2019-04-01,PF - Outros,119072153394.67,3097567802.78,1694904,70253.03698302087
2019-04-01,PF - Servidor ou empregado público,108703865538.25,777662748.05,1039137,104609.75361116965
2019-05-01,PF - Aposentado/pensionista,22549804129.97,230664130.43,292945,76976.23830401612
2019-05-01,PF - Autônomo,39650309149.83,910432089.52,373304,106214.53065016716
2019-05-01,PF - Empregado de empresa privada,207714606709.28,2468477656.87,2249940,92320.06485029824
2019-05-01,PF - Empregado de entidades sem fins lucrativos,632385589.5699999,5443814.26,6798,93025.2411841718
2019-05-01,PF - Empresário,95515161265.66,1585521143.32,654744,145881.690043223
2019-05-01,PF - MEI,9557230564.7,202450350.31,113902,83907.48682815052
2019-05-01,PF - Outros,120110075949.81,3177147062.2,1702440,70551.72337927327
2019-05-01,PF - Servidor ou empregado público,108989677034.49,810871237.0,1040480,104749.42049293595
2019-06-01,PF - Aposentado/pensionista,20203646589.56,202226181.49,264666,76336.388465311
2019-06-01,PF - Autônomo,40094847220.39,899410612.68,377081,106329.53455727019
2019-06-01,PF - Empregado de empresa privada,207528445499.74,2228183673.6,2220747,93449.83714927454
2019-06-01,PF - Empregado de entidades sem fins lucrativos,662981220.54,5075047.41,7096,93430.27346956031
2019-06-01,PF - Empresário,93112277814.95,1499520393.42,634515,146745.58964713206
2019-06-01,PF - MEI,8325330702.01,171135075.82999998,98394,84612.17860855337
2019-06-01,PF - Outros,128691337640.3,3116058057.79,1816592,70842.18010444833
2019-06-01,PF - Servidor ou empregado público,109580045704.63,749171163.74,1038548,105512.74058072425
2019-07-01,PF - Aposentado/pensionista,22373184942.21,232367593.01,289193,77364.19948688245
2019-07-01,PF - Autônomo,39958107094.36,945637541.12,374515,106692.94178967465
2019-07-01,PF - Empregado de empresa privada,211118150376.63998,2547229015.42,2271296,92950.52268688889
2019-07-01,PF - Empregado de entidades sem fins lucrativos,645518700.15,6886049.6,6848,94263.82887704439
2019-07-01,PF - Empresário,95846555812.81999,1670224655.23,654108,146530.16904367474
2019-07-01,PF - MEI,9710636126.54,214038673.51,114821,84571.95222598655
2019-07-01,PF - Outros,122541835523.56,3243317911.0499997,1718455,71309.30721116351
2019-07-01,PF - Servidor ou empregado público,109723412500.6,836305988.23,1043799,105119.29260384424
2019-08-01,PF - Aposentado/pensionista,20051909941.17,211864124.05,261226,76760.77397031688
2019-08-01,PF - Autônomo,40249540299.0,959754005.2,376451,106918.4045174538
2019-08-01,PF - Empregado de empresa privada,210187205060.48,2536608751.09,2232602,94144.50271946366
2019-08-01,PF - Empregado de entidades sem fins lucrativos,674415466.92,7509716.29,7119,94734.57886219973
2019-08-01,PF - Empresário,93410285869.7,1632355172.84,632545,147673.74000221328
2019-08-01,PF - MEI,8433946807.06,192073145.74,98821,85345.69380050799
2019-08-01,PF - Outros,130214026704.68,3408990778.25,1816078,71700.67954387421
2019-08-01,PF - Servidor ou empregado público,110151249346.45,842184652.06,1039601,105955.31299647652
2019-09-01,PF - Aposentado/pensionista,22348170520.62,233384016.53,285946,78155.21294447203
2019-09-01,PF - Autônomo,40188799995.31,916328814.36,373548,107586.7090583004
2019-09-01,PF - Empregado de empresa privada,213942673695.97,2575589320.4,2280232,93824.95890592273
2019-09-01,PF - Empregado de entidades sem fins lucrativos,660170247.28,7849799.48,6900,95676.84743188406
2019-09-01,PF - Empresário,97111151020.89,1607409883.84,652594,148807.91276182435
2019-09-01,PF - MEI,9815741486.91,215557803.48,115005,85350.56290517804
2019-09-01,PF - Outros,124176060266.8,3252809981.89,1718767,72247.17501953435
2019-09-01,PF - Servidor ou empregado público,110779561259.18,840258751.22,1046983,105808.3667635291
2019-10-01,PF - Aposentado/pensionista,20380548010.16,209546462.34,263339,77392.82069940267
2019-10-01,PF - Autônomo,40525308011.94,896705169.62,376220,107717.04856716815
2019-10-01,PF - Empregado de empresa privada,214442214891.94,2446576573.22,2263362,94744.99213645012
2019-10-01,PF - Empregado de entidades sem fins lucrativos,688299571.38,6851660.52,7199,95610.44191971107
2019-10-01,PF - Empresário,94872592422.75,1538578392.82,632856,149911.81631010846
2019-10-01,PF - MEI,8642356341.31,180717277.8,100605,85903.84514994283
2019-10-01,PF - Outros,131983544344.36,3277260327.14,1823078,72395.99421657219
2019-10-01,PF - Servidor ou empregado público,111391747700.34,803295769.47,1045842,106509.15501609229
2019-11-01,PF - Aposentado/pensionista,22194311404.75,242852891.8,282912,78449.52283660644
2019-11-01,PF - Autônomo,40591822528.32,912873673.67,375334,108148.53577965226
2019-11-01,PF - Empregado de empresa privada,218116024864.18,2616763460.14,2309297,94451.2658459176
2019-11-01,PF - Empregado de entidades sem fins lucrativos,679940462.78,7805397.3100000005,7076,96091.07727247031
2019-11-01,PF - Empresário,98284603793.98,1628394219.09,654616,150140.85172678332
2019-11-01,PF - MEI,9941125988.89,212405422.35,115771,85868.87898428795
2019-11-01,PF - Outros,127128194529.63,3301516459.62,1745281,72841.10382776757
2019-11-01,PF - Servidor ou empregado público,112009561209.62,854953020.73,1053335,106338.022765426
2019-12-01,PF - Aposentado/pensionista,20607803271.76,198998060.17,264838,77812.86398386938
2019-12-01,PF - Autônomo,40797921302.78,849185336.76,376864,108256.35057415937
2019-12-01,PF - Empregado de empresa privada,218976430531.8,2212263874.77,2298527,95268.15675073644
2019-12-01,PF - Empregado de entidades sem fins lucrativos,703741422.39,6279902.16,7291,96521.93421890002
2019-12-01,PF - Empresário,96175158847.2,1506148145.01,635859,151252.33557628343
2019-12-01,PF - MEI,8872568874.52,166699891.16,102660,86426.73752698228
2019-12-01,PF - Outros,133838924273.67,3025088698.89,1832538,73034.73339907276
2019-12-01,PF - Servidor ou empregado público,112632397732.24,728782894.55,1052723,106991.4856351006
2020-01-01,PF - Aposentado/pensionista,19667554047.15,224358954.82,252908,77765.64619209357
2020-01-01,PF - Autônomo,40795304888.22,997021615.64,376893,108241.07873645837
2020-01-01,PF - Empregado de empresa privada,218065302745.49,2642360108.64,2274840,95859.62210330836
2020-01-01,PF - Empregado de entidades sem fins lucrativos,711382564.94,7732601.42,7358,96681.5119516173
2020-01-01,PF - Empresário,95934989948.53,1768282886.91,632541,151666.04211984677
2020-01-01,PF - MEI,8654373216.46,189729957.18,99542,86941.92618653431
2020-01-01,PF - Outros,137774337184.48,3587373538.16,1880534,73263.41198004397
2020-01-01,PF - Servidor ou empregado público,112607327409.33,850555231.61,1048681,107379.96341054143
2020-02-01,PF - Aposentado/pensionista,20377720412.24,233246116.68,261259,77998.15666537805
2020-02-01,PF - Autônomo,40782524707.54,1018518388.11,375313,108662.70208476658
2020-02-01,PF - Empregado de empresa privada,221484354149.66998,2783429443.61,2310267,95869.59176132888
2020-02-01,PF - Empregado de entidades sem fins lucrativos,705132940.99,7987017.04,7253,97219.48724527782
2020-02-01,PF - Empresário,96468448707.06999,1768021145.04,633729,152223.50359076197
2020-02-01,PF - MEI,8937603523.04,209676669.08,102753,86981.4362893541
2020-02-01,PF - Outros,135460978935.09,3683190570.68,1842614,73515.65706929937
2020-02-01,PF - Servidor ou empregado público,113126412968.19,863383758.97,1052805,107452.38953860402
2020-03-01,PF - Aposentado/pensionista,20295983509.37,302641935.01,259852,78105.93533769222
2020-03-01,PF - Autônomo,40920679415.44,1453026025.11,375415,109001.18379777047
2020-03-01,PF - Empregado de empresa privada,223301169626.21,4109975230.99,2319473,96272.37291669702
2020-03-01,PF - Empregado de entidades sem fins lucrativos,710732020.87,10176984.84,7287,97534.24191985728
2020-03-01,PF - Empresário,96783129432.26,2632274373.94,633393,152801.0720552011
2020-03-01,PF - MEI,8991153183.69,309275020.79,102902,87375.8836921537
2020-03-01,PF - Outros,136875124393.85,4969830231.2699995,1852772,73875.85973549364
2020-03-01,PF - Servidor ou empregado público,113608815900.11,1237695115.85,1054226,107765.14324263488
2020-04-01,PF - Aposentado/pensionista,20312392328.22,310474841.98,259005,78424.71121491863
2020-04-01,PF - Autônomo,41279159058.479996,1430827611.43,376312,109693.97483598714
2020-04-01,PF - Empregado de empresa privada,225762036972.94,4043028251.7400002,2330640,96866.97086334226
2020-04-01,PF - Empregado de entidades sem fins lucrativos,724764981.08,11341205.02,7358,98500.26924164176
2020-04-01,PF - Empresário,97693464615.63,2581842222.57,634060,154076.05686469734
2020-04-01,PF - MEI,9095405166.98,300272844.9,103318,88033.11298108751
2020-04-01,PF - Outros,138440485740.56,5171914585.05,1861747,74360.52575380006
2020-04-01,PF - Servidor ou empregado público,114489562053.75,1170161455.83,1056989,108316.70154916466
2020-05-01,PF - Aposentado/pensionista,20318144114.89,278435432.34,257742,78831.32789723833
2020-05-01,PF - Autônomo,41674814292.21,1250581022.38,377089,110517.18372111092
2020-05-01,PF - Empregado de empresa privada,228224113489.97,3253242563.57,2340644,97504.83776685818
2020-05-01,PF - Empregado de entidades sem fins lucrativos,729260644.91,8884207.33,7381,98802.41768188591
2020-05-01,PF - Empresário,98587272241.92,2205255125.24,634124,155470.02201764955
2020-05-01,PF - MEI,9207808816.87,242743602.72,103718,88777.34642848879
2020-05-01,PF - Outros,139974111857.36002,4606793596.0199995,1870703,74824.33708470025
2020-05-01,PF - Servidor ou empregado público,115306422946.24,1000048166.57,1059120,108870.026952791
2020-06-01,PF - Aposentado/pensionista,21792776018.11,238868978.11,272568,79953.53826608406
2020-06-01,PF - Autônomo,41855111083.02,919079015.5,376180,111263.52034403742
2020-06-01,PF - Empregado de empresa privada,232648390343.99,2448197362.14,2386799,97472.97126569517
2020-06-01,PF - Empregado de entidades sem fins lucrativos,709734143.45,6204375.56,7090,100103.54632581101
2020-06-01,PF - Empresário,101958135436.34,1550421154.96,652721,156204.77269206903
2020-06-01,PF - MEI,10516870588.46,195835873.96,118231,88951.88730925052
2020-06-01,PF - Outros,134879754441.31,3317912035.37,1788956,75395.7919822008
2020-06-01,PF - Servidor ou empregado público,116213387785.51,775668333.28,1065819,109036.70115236264
2020-07-01,PF - Aposentado/pensionista,20267902781.5,210068722.19,253953,79809.66076990624
2020-07-01,PF - Autônomo,42505307959.659996,834842150.1,377504,112595.64921076332
2020-07-01,PF - Empregado de empresa privada,233828571358.91,2156565470.01,2364148,98906.06313941005
2020-07-01,PF - Empregado de entidades sem fins lucrativos,743436030.46,5890545.08,7392,100573.05606872294
2020-07-01,PF - Empresário,100373851356.34,1398772057.98,632834,158610.0799835976
2020-07-01,PF - MEI,9475974192.44,158115812.46,104922,90314.46400602353
2020-07-01,PF - Outros,143345561276.96,3148228768.92,1863257,76932.79095527885
2020-07-01,PF - Servidor ou empregado público,117170241530.9,687242642.61,1063393,110185.26690593224
2020-08-01,PF - Aposentado/pensionista,20237135634.22,192100151.73,252652,80098.85389476434
2020-08-01,PF - Autônomo,42950138392.66,759679689.99,379301,113234.97273315916
2020-08-01,PF - Empregado de empresa privada,237114440397.44,2004712883.11,2381338,99571.93829579842
2020-08-01,PF - Empregado de entidades sem fins lucrativos,748278011.54,5731504.0200000005,7406,101036.7285363219
2020-08-01,PF - Empresário,101463235620.96,1273191757.38,633795,160088.4128479398
2020-08-01,PF - MEI,9612656847.39,144966796.5,105786,90868.89425245306
2020-08-01,PF - Outros,145321698890.98,2952953405.62,1876700,77434.69861511164
2020-08-01,PF - Servidor ou empregado público,118296484553.81,633964214.91,1067282,110839.01401298813
2020-09-01,PF - Aposentado/pensionista,20169875209.04,174260812.88,250636,80474.77301361338
2020-09-01,PF - Autônomo,43324522221.88,696749524.6,379898,114042.51199500918
2020-09-01,PF - Empregado de empresa privada,240258166574.57,1903203002.82,2393810,100366.4311597704
2020-09-01,PF - Empregado de entidades sem fins lucrativos,751920531.37,4996148.92,7411,101460.063604102
2020-09-01,PF - Empresário,102526614461.28,1124585678.9,633876,161745.53770970978
2020-09-01,PF - MEI,9738017388.51,138936162.89,106368,91550.25372771887
2020-09-01,PF - Outros,147218782409.48,2818481686.37,1886250,78048.39359018159
2020-09-01,PF - Servidor ou empregado público,119361618414.48,599173339.76,1069307,111625.20998598156
2020-10-01,PF - Aposentado/pensionista,21612130227.86,184222938.79,265429,81423.39468505702
2020-10-01,PF - Autônomo,43520418182.89,703746173.05,379141,114786.89506777162
2020-10-01,PF - Empregado de empresa privada,245996495620.58,2064436296.8700001,2451876,100329.90886185924
2020-10-01,PF - Empregado de entidades sem fins lucrativos,733703959.2,4825785.91,7191,102030.86624947852
2020-10-01,PF - Empresário,106363942175.49,1100999962.04,653596,162736.52558383162
2020-10-01,PF - MEI,11104259485.0,160705815.61,121411,91460.07762888042
2020-10-01,PF - Outros,141826563197.13,2863842556.78,1802295,78692.2025512638
2020-10-01,PF - Servidor ou empregado público,120522991133.74,638606061.95,1077560,111848.05591683062
2020-11-01,PF - Aposentado/pensionista,21553197178.69,193051455.99,263633,81754.54961514681
2020-11-01,PF - Autônomo,43884625865.51,760875273.33,380168,115434.82319792829
2020-11-01,PF - Empregado de empresa privada,249197646712.12,2392317257.59,2469433,100912.90053713544
2020-11-01,PF - Empregado de entidades sem fins lucrativos,748474180.02,6709839.35,7330,102111.07503683493
2020-11-01,PF - Empresário,107477444420.59,1217600312.04,654607,164186.21313336093
2020-11-01,PF - MEI,11241267557.91,181929745.42,122080,92081.15627383682
2020-11-01,PF - Outros,143516760305.05,3172672545.16,1815169,79065.23321247222
2020-11-01,PF - Servidor ou empregado público,121820196755.28,716797622.01,1082078,112579.86647476429
2020-12-01,PF - Aposentado/pensionista,21426835831.51,173617716.22,260562,82233.1569127885
2020-12-01,PF - Autônomo,44276582322.44,665609528.58,380866,116252.38882557121
2020-12-01,PF - Empregado de empresa privada,251196159879.78,2080927897.6,2467862,101786.95562384768
2020-12-01,PF - Empregado de entidades sem fins lucrativos,754832005.87,6196477.109999999,7363,102516.90966589705
2020-12-01,PF - Empresário,109122304054.04001,1078333255.88,657115,166062.7196975263
2020-12-01,PF - MEI,11251409746.23,153403353.74,121127,92889.36196083449
2020-12-01,PF - Outros,147050866571.86,2942395659.39,1850997,79444.14095315119
2020-12-01,PF - Servidor ou empregado público,122937431128.14,626734702.62,1084213,113388.63408586688
2021-01-01,PF - Aposentado/pensionista,21405720971.03,195032195.23,259992,82332.22934178743
2021-01-01,PF - Autônomo,44587595214.73,779889189.43,381427,116896.79863966106
2021-01-01,PF - Empregado de empresa privada,254397292692.29,2509675832.69,2489287,102196.85102291942
2021-01-01,PF - Empregado de entidades sem fins lucrativos,762083536.47,6297354.29,7356,103600.26325040784
2021-01-01,PF - Empresário,110265519497.59,1281665021.87,657612,167675.649923648
2021-01-01,PF - MEI,11408200642.55,176737827.6,122373,93224.81791367376
2021-01-01,PF - Outros,147314650303.69998,3381607399.44,1845213,79836.12206487813
2021-01-01,PF - Servidor ou empregado público,123697613435.56,732288471.24,1086790,113819.24146850817
2021-02-01,PF - Aposentado/pensionista,21375120346.23,234155658.33,258739,82612.67279470818
2021-02-01,PF - Autônomo,44925903396.01,929527172.42,381930,117628.63193781584
2021-02-01,PF - Empregado de empresa privada,257480388075.2,3140620714.78,2505028,102785.43316689474
2021-02-01,PF - Empregado de entidades sem fins lucrativos,770339626.29,8076680.99,7383,104339.64869158878
2021-02-01,PF - Empresário,111626404154.12,1543993233.79,659180,169341.30913274066
2021-02-01,PF - MEI,11511151192.869999,219194819.10999998,122783,93751.99492494889
2021-02-01,PF - Outros,148738947740.16,3988477214.75,1854636,80198.45820967565
2021-02-01,PF - Servidor ou empregado público,124665266293.65,863994866.83,1089991,114372.74830127037
2021-03-01,PF - Aposentado/pensionista,21336233862.61,240897301.55,257364,82902.94626525078
2021-03-01,PF - Autônomo,45476274624.06,914565320.16,383204,118673.79939682258
2021-03-01,PF - Empregado de empresa privada,261324367383.27,3011624600.4,2524543,103513.5338884186
2021-03-01,PF - Empregado de entidades sem fins lucrativos,776432224.01,6843274.36,7398,104951.63882265477
2021-03-01,PF - Empresário,113231246007.47,1549833210.32,661089,171279.8821451726
2021-03-01,PF - MEI,11684284335.119999,203932492.05,123717,94443.64424549576
2021-03-01,PF - Outros,150574843113.2,3939280395.8,1865650,80709.05213367996
2021-03-01,PF - Servidor ou empregado público,125838964956.44,827854057.06,1093548,115074.02048784324
2021-04-01,PF - Aposentado/pensionista,21248392900.94,254355719.59,255425,83188.38367794851
2021-04-01,PF - Autônomo,45940813572.43,1014283839.58,384235,119564.36444475387
2021-04-01,PF - Empregado de empresa privada,264431033563.26,3280882796.09,2535202,104303.73341582248
2021-04-01,PF - Empregado de entidades sem fins lucrativos,783799906.8100001,7752091.609999999,7415,105704.64016318275
2021-04-01,PF - Empresário,114894082590.08,1700212152.88,662895,173321.69135395502
2021-04-01,PF - MEI,11818663281.41,234808535.06,124103,95232.69607833815
2021-04-01,PF - Outros,152846400560.8,4262646987.8,1882665,81186.19114967347
2021-04-01,PF - Servidor ou empregado público,126935838789.97,910840379.08,1095974,115820.11871629253
2021-05-01,PF - Aposentado/pensionista,21234745000.81,265445405.3,254248,83519.81136846701
2021-05-01,PF - Autônomo,46573838572.93,1089816545.0,386286,120568.27990900524
2021-05-01,PF - Empregado de empresa privada,268680213521.16,3592030157.72,2558458,105016.46441769222
2021-05-01,PF - Empregado de entidades sem fins lucrativos,803837947.66,8884193.93,7453,107854.27984167449
2021-05-01,PF - Empresário,116742563774.39,1892011098.6200001,664878,175584.9400557546
2021-05-01,PF - MEI,12047397317.77,261491118.23,125536,95967.66917673018
2021-05-01,PF - Outros,154260048655.38,4445993890.32,1888853,81668.63628634944
2021-05-01,PF - Servidor ou empregado público,128207801486.04,995662765.09,1100017,116550.74556669578
2021-06-01,PF - Aposentado/pensionista,21161320802.16,252111213.14000002,252215,83901.91226596356
2021-06-01,PF - Autônomo,47119646992.86,1026396243.75,387851,121489.04345447091
2021-06-01,PF - Empregado de empresa privada,272177142247.67,3408304036.72,2572451,105804.59734613799
2021-06-01,PF - Empregado de entidades sem fins lucrativos,806547019.92,8994957.24,7436,108465.17212479828
2021-06-01,PF - Empresário,118540396077.42,1747900810.54,666808,177772.90626000287
2021-06-01,PF - MEI,12223651020.13,234625311.46,126268,96807.19596516932
2021-06-01,PF - Outros,156452913773.44,4153351966.09,1904329,82156.45183864763
2021-06-01,PF - Servidor ou empregado público,129398722978.62,967314376.05,1103107,117303.87258771814
2021-07-01,PF - Aposentado/pensionista,21246227099.68,243477245.31,250949,84663.52565533236
2021-07-01,PF - Autônomo,47528205756.55,999735502.42,388796,122244.58522348481
2021-07-01,PF - Empregado de empresa privada,275779975527.42,3472983860.96,2587879,106566.02396302918
2021-07-01,PF - Empregado de entidades sem fins lucrativos,824580692.8100001,9317224.19,7523,109607.96129336701
2021-07-01,PF - Empresário,120092491862.15,1757796548.54,668027,179771.91320433156
2021-07-01,PF - MEI,12403999174.01,235333459.48,127210,97508.05104952441
2021-07-01,PF - Outros,158293175012.16,4189739501.94,1914264,82691.40255061998
2021-07-01,PF - Servidor ou empregado público,130968239117.33,993668638.23,1107086,118299.96867210859
2021-08-01,PF - Aposentado/pensionista,21233667828.71,244754793.49,249527,85095.67232688246
2021-08-01,PF - Autônomo,48176817758.47,971488741.36,390542,123358.86475326598
2021-08-01,PF - Empregado de empresa privada,279831573773.95,3485249461.38,2605656,107393.90532516572
2021-08-01,PF - Empregado de entidades sem fins lucrativos,836283668.73,9046283.99,7573,110429.64066156081
2021-08-01,PF - Empresário,122392040782.5,1705441806.4,671476,182273.1427221524
2021-08-01,PF - MEI,12580782021.73,228566696.47,128069,98234.40506078754
2021-08-01,PF - Outros,160713881101.42,4146780193.7,1930269,83259.83637587301
2021-08-01,PF - Servidor ou empregado público,132407802175.31,1020072651.33,1111740,119099.61157762606
2021-09-01,PF - Aposentado/pensionista,21182196345.34,243818694.10999998,248237,85330.53632351341
2021-09-01,PF - Autônomo,48797712580.05,961124413.17,392077,124459.5132590027
2021-09-01,PF - Empregado de empresa privada,283469787770.36,3560811605.52,2622998,108070.91266190824
2021-09-01,PF - Empregado de entidades sem fins lucrativos,854242934.73,9210850.81,7646,111724.1609639027
2021-09-01,PF - Empresário,124285572006.20999,1625027590.06,674591,184238.4081705952
2021-09-01,PF - MEI,12771079231.55,236990797.09,128914,99066.65863715345
2021-09-01,PF - Outros,162832597335.4,4270785008.5099998,1944213,83752.44756382145
2021-09-01,PF - Servidor ou empregado público,133738015163.85,1054548578.77,1115881,119849.71082386922
2021-10-01,PF - Aposentado/pensionista,21125028411.13,227805089.56,246521,85692.6120335793
2021-10-01,PF - Autônomo,49286750867.4,904727220.56,392709,125504.51063611989
2021-10-01,PF - Empregado de empresa privada,286619908239.37,3291282800.04,2632680,108870.01391713766
2021-10-01,PF - Empregado de entidades sem fins lucrativos,856577869.1,9064002.0,7628,112293.8999868904
2021-10-01,PF - Empresário,126230249318.91,1463226250.3,676796,186511.51797426405
2021-10-01,PF - MEI,12899322348.71,219090465.46,129198,99841.50179344881
2021-10-01,PF - Outros,165107719664.61002,4214726678.25,1957106,84363.1973253416
2021-10-01,PF - Servidor ou empregado público,134722909815.28,959413532.37,1117511,120556.22702172954
2021-11-01,PF - Aposentado/pensionista,23004704254.49,255487951.27,268702,85614.1906442453
2021-11-01,PF - Autônomo,49254541886.34,906188202.34,388713,126711.84623704378
2021-11-01,PF - Empregado de empresa privada,299473630660.48,3547076129.21,2773833,107963.82863008695
2021-11-01,PF - Empregado de entidades sem fins lucrativos,862827836.4200001,8039182.68,7653,112743.73924212728
2021-11-01,PF - Empresário,130468096224.07,1418555078.74,694122,187961.33276869197
2021-11-01,PF - MEI,14388721510.03,236521757.88,145313,99018.81806878945
2021-11-01,PF - Outros,151306690802.2,4066996433.72,1769142,85525.46420931729
2021-11-01,PF - Servidor ou empregado público,137105528254.51,1007642727.1,1142313,120024.48388008364
2021-12-01,PF - Aposentado/pensionista,21135597832.23,217449423.73,244499,86444.5164693107
2021-12-01,PF - Autônomo,50546016797.25,879267937.68,395892,127676.27736162893
2021-12-01,PF - Empregado de empresa privada,294109580239.5,3104487392.45,2668614,110210.61129091731
2021-12-01,PF - Empregado de entidades sem fins lucrativos,884409837.0,7794656.48,7759,113985.02861193453
2021-12-01,PF - Empresário,130395800255.86,1390296494.81,683054,190901.15899454508
2021-12-01,PF - MEI,13291632930.37,211108066.1,131066,101411.75385202875
2021-12-01,PF - Outros,169202199194.7,4253168025.79,1980805,85420.92694369209
2021-12-01,PF - Servidor ou empregado público,137257448394.29,890169970.0,1124598,122050.23341166355
2022-01-01,PF - Aposentado/pensionista,22951452526.65,277849997.67,265952,86299.22890841206
2022-01-01,PF - Autônomo,50113797701.229996,1022727470.83,390669,128276.87300817315
2022-01-01,PF - Empregado de empresa privada,305307972424.63,3925944144.19,2801123,108994.84686128743
2022-01-01,PF - Empregado de entidades sem fins lucrativos,871903312.62,10298487.4,7701,113219.49261394625
2022-01-01,PF - Empresário,133815419658.72,1643740315.28,698927,191458.3635468654
2022-01-01,PF - MEI,14665508749.75,281502979.53,146339,100215.99675923711
2022-01-01,PF - Outros,154818436619.18,4730445987.25,1793626,86315.8967472483
2022-01-01,PF - Servidor ou empregado público,138907428037.66,1069259434.45,1146528,121154.85015425703
2022-02-01,PF - Aposentado/pensionista,22784985004.489998,302427427.62,263030,86625.04278785689
2022-02-01,PF - Autônomo,50324651360.909996,1210952421.06,390690,128809.67355425016
2022-02-01,PF - Empregado de empresa privada,307165971462.43,4691953796.57,2804074,109542.74796686179
2022-02-01,PF - Empregado de entidades sem fins lucrativos,876744876.52,12429977.44,7733,113377.06925126082
2022-02-01,PF - Empresário,135210060693.01001,1901668566.4,700606,192990.15522706058
2022-02-01,PF - MEI,14760163834.28,343745363.3,146285,100900.0501369245
2022-02-01,PF - Outros,157038245491.17,5509780493.04,1812934,86621.04935489655
2022-02-01,PF - Servidor ou empregado público,139729233237.29,1246711886.22,1148296,121683.98499802317
2022-03-01,PF - Aposentado/pensionista,22966736696.62,302483632.05,263098,87293.46744034541
2022-03-01,PF - Autônomo,50678138264.36,1194820429.25,391182,129551.30416113215
2022-03-01,PF - Empregado de empresa privada,310238838554.64,4531668393.87,2822984,109897.48385206576
2022-03-01,PF - Empregado de entidades sem fins lucrativos,876546033.59,13355758.78,7722,113512.82486272986
2022-03-01,PF - Empresário,136451761138.78,1822116700.68,701436,194532.0187996909
2022-03-01,PF - MEI,14922426790.45,334365927.74,147147,101411.69572230491
2022-03-01,PF - Outros,157701584031.71,5425174197.37,1810239,87116.44375781872
2022-03-01,PF - Servidor ou empregado público,141051595323.35,1244747978.44,1152246,122414.48034825029
2022-04-01,PF - Aposentado/pensionista,22870056832.22,299771522.37,260730,87715.47897142639
2022-04-01,PF - Autônomo,51159649684.06,1160387000.58,392892,130213.00938695621
2022-04-01,PF - Empregado de empresa privada,312201969321.4,4268080497.48,2827127,110430.82582473304
2022-04-01,PF - Empregado de entidades sem fins lucrativos,893613390.26,11863130.54,7775,114934.19810418006
2022-04-01,PF - Empresário,138109297114.03,1829382281.52,703752,196247.11136029454
2022-04-01,PF - MEI,15087167595.58,316482204.95,147930,101988.55942391671
2022-04-01,PF - Outros,160084158573.23,5088714121.79,1830750,87441.84545854433
2022-04-01,PF - Servidor ou empregado público,141801830389.15,1203798027.45,1153480,122933.93070460693
2022-05-01,PF - Aposentado/pensionista,22730951838.63,271071468.23,257152,88395.00310567292
2022-05-01,PF - Autônomo,51791848226.33,1086485113.76,395355,131000.86814718418
2022-05-01,PF - Empregado de empresa privada,314374325967.32,4089609556.8,2827106,111200.04908458331
2022-05-01,PF - Empregado de entidades sem fins lucrativos,896607867.23,10436038.71,7765,115467.85154282035
2022-05-01,PF - Empresário,140024464618.02,1796878220.09,706691,198141.00450977866
2022-05-01,PF - MEI,15272666563.21,300157209.15999997,148587,102786.02140974648
2022-05-01,PF - Outros,163483288603.47,4852056138.62,1860701,87861.1279316075
2022-05-01,PF - Servidor ou empregado público,142765275267.48,1196136474.26,1154217,123690.15121721479
2022-06-01,PF - Aposentado/pensionista,22739448339.9,246590801.28,256050,88808.62464323375
2022-06-01,PF - Autônomo,52512824019.51,970699363.5,398379,131816.2453831904
2022-06-01,PF - Empregado de empresa privada,317982415078.57,3639891936.5,2843366,111833.09326993782
2022-06-01,PF - Empregado de entidades sem fins lucrativos,914506769.59,8848023.01,7839,116661.15188034189
2022-06-01,PF - Empresário,142342268536.17,1602089033.83,710107,200451.85941860877
2022-06-01,PF - MEI,15613899003.69,267491901.34,150469,103768.21141690316
2022-06-01,PF - Outros,165766088242.25,4313385892.57,1873978,88456.79524639563
2022-06-01,PF - Servidor ou empregado público,143969600221.73,1076792978.99,1157700,124358.29681414012
2022-07-01,PF - Aposentado/pensionista,22743998811.51,249863876.55,254912,89222.94286463564
2022-07-01,PF - Autônomo,53235237251.26,1019220731.13,401051,132739.32056336975
2022-07-01,PF - Empregado de empresa privada,321854971003.42,3833036759.48,2859186,112568.74194383295
2022-07-01,PF - Empregado de entidades sem fins lucrativos,932497618.85,10467407.27,7934,117531.84003655156
2022-07-01,PF - Empresário,144974249883.76,1725054313.01,714052,203030.38137805092
2022-07-01,PF - MEI,15929894212.16,282593360.1,152169,104685.54181311568
2022-07-01,PF - Outros,168126074793.54,4455604384.77,1888279,89036.67031913187
2022-07-01,PF - Servidor ou empregado público,145300587063.45,1116310142.14,1161285,125120.52344036994
2022-08-01,PF - Aposentado/pensionista,23106005513.75,254559838.09,257592,89700.01208791422
2022-08-01,PF - Autônomo,53920346845.33,1022381565.31,403155,133745.9459645298
2022-08-01,PF - Empregado de empresa privada,327674190656.14,3846174811.18,2899073,113027.22996493707
2022-08-01,PF - Empregado de entidades sem fins lucrativos,943865534.1,9871254.16,7986,118190.02430503382
2022-08-01,PF - Empresário,147273830167.95,1692773390.72,716412,205571.41724028913
2022-08-01,PF - MEI,16332411668.95,283174290.27,154847,105474.51141417012
2022-08-01,PF - Outros,167920432976.45,4353258409.65,1869428,89824.49871107633
2022-08-01,PF - Servidor ou empregado público,147045009448.92,1082935292.47,1167731,125923.70113401118
2022-09-01,PF - Aposentado/pensionista,23071655220.06,244236798.53,256206,90051.19013629657
2022-09-01,PF - Autônomo,54630055375.7,1020902039.43,405006,134887.02729268206
2022-09-01,PF - Empregado de empresa privada,331472602879.24,3732322795.65,2914421,113735.31925526202
2022-09-01,PF - Empregado de entidades sem fins lucrativos,962764562.38,9105259.82,8082,119124.54372432566
2022-09-01,PF - Empresário,149704710575.44,1672354548.96,719721,208003.8106091666
2022-09-01,PF - MEI,16573513115.86,275498455.86,155948,106275.89398940673
2022-09-01,PF - Outros,170390882313.67,4189096063.23,1884942,90395.82242513033
2022-09-01,PF - Servidor ou empregado público,148302278314.55,1063702720.21,1171243,126619.56427022401
2022-10-01,PF - Aposentado/pensionista,23055019194.5,251594995.19,255026,90402.62245614173
2022-10-01,PF - Autônomo,55165525264.4,1087558762.11,406607,135672.83707461998
2022-10-01,PF - Empregado de empresa privada,335002968237.37,3980123513.68,2927978,114414.44171963382
2022-10-01,PF - Empregado de entidades sem fins lucrativos,972318398.67,10618894.24,8138,119478.79069427378
2022-10-01,PF - Empresário,151732314706.9,1835851531.6299999,722525,210002.8576269333
2022-10-01,PF - MEI,16819830492.03,307630109.73,157040,107105.39029565715
2022-10-01,PF - Outros,172620677783.1,4404382735.22,1898892,90906.0008589746
2022-10-01,PF - Servidor ou empregado público,149407832461.35,1125969044.61,1174308,127230.53275746228
2022-11-01,PF - Aposentado/pensionista,23024794405.25,262832854.32,253711,90752.05412950167
2022-11-01,PF - Autônomo,55801625257.48,1124131027.3,407947,136786.4581856957
2022-11-01,PF - Empregado de empresa privada,338400952028.76,4087272142.16,2939936,115104.87031988452
2022-11-01,PF - Empregado de entidades sem fins lucrativos,988728239.3199999,10867394.77,8200,120576.6145512195
2022-11-01,PF - Empresário,153990681751.66,1930464821.53,725481,212260.11673863273
2022-11-01,PF - MEI,17048231570.56,322454932.68,157936,107943.92393475838
2022-11-01,PF - Outros,174957909357.34,4511738653.72,1913822,91418.06780219894
2022-11-01,PF - Servidor ou empregado público,150468470981.79,1185985809.46,1176835,127858.59613436888
2022-12-01,PF - Aposentado/pensionista,22784460034.71,248583768.6,249074,91476.66972349583
2022-12-01,PF - Autônomo,56382770922.590004,1102067618.77,409492,137689.55418564955
2022-12-01,PF - Empregado de empresa privada,339672530724.63,3737677162.99,2927463,116029.6580092148
2022-12-01,PF - Empregado de entidades sem fins lucrativos,993364598.84,9578822.74,8218,120876.685183743
2022-12-01,PF - Empresário,155694978238.74,1925832412.08,727393,214045.1973537551
2022-12-01,PF - MEI,17181048108.24,308745473.07,157737,108922.11788128341
2022-12-01,PF - Outros,180264488967.39,4354897428.56,1965431,91717.5362388148
2022-12-01,PF - Servidor ou empregado público,151150652198.29,1131164689.24,1175479,128586.43344397476
2023-01-01,PF - Aposentado/pensionista,22922966121.96,273177877.69,249556,91854.99896600362
2023-01-01,PF - Autônomo,56890114281.55,1248786784.76,410362,138633.97264256925
2023-01-01,PF - Empregado de empresa privada,342817022567.97003,4226077811.99,2941537,116543.50177066277
2023-01-01,PF - Empregado de entidades sem fins lucrativos,1000952223.92,10692717.36,8248,121356.96216294859
2023-01-01,PF - Empresário,157330181477.27,2207370510.28,728970,215825.3171972372
2023-01-01,PF - MEI,17383456278.47,342548730.14,158639,109578.70560498995
2023-01-01,PF - Outros,181604080452.12,4793235287.45,1969831,92192.72133097712
2023-01-01,PF - Servidor ou empregado público,152201502725.13,1244021123.01,1177905,129213.73347182498
2023-02-01,PF - Aposentado/pensionista,22897444447.25,291839515.88,250287,91484.75329222053
2023-02-01,PF - Autônomo,57195217223.69,1341030198.54,410615,139291.5924252402
2023-02-01,PF - Empregado de empresa privada,347084012712.33,4699138461.9800005,2972300,116772.87377193756
2023-02-01,PF - Empregado de entidades sem fins lucrativos,1008391613.27,12109062.06,8302,121463.69709347145
2023-02-01,PF - Empresário,158618309500.29,2343776684.13,729672,217383.02895039142
2023-02-01,PF - MEI,17599089517.66,396339721.65,159908,110057.59260112065
2023-02-01,PF - Outros,181133770849.83002,5244283035.58,1954447,92677.76043547357
2023-02-01,PF - Servidor ou empregado público,152996189054.9,1349285299.92,1181163,129530.12332328391
2023-03-01,PF - Aposentado/pensionista,22866815977.95,280407021.67,247048,92560.21492968978
2023-03-01,PF - Autônomo,57864020173.87,1309339920.05,411997,140447.6735846863
2023-03-01,PF - Empregado de empresa privada,348986631246.38,4558827446.09,2962624,117796.4639611304
2023-03-01,PF - Empregado de entidades sem fins lucrativos,1018314742.76,11863141.39,8334,122187.99409167266
2023-03-01,PF - Empresário,160914012578.03,2234134715.42,732393,219709.92701736637
2023-03-01,PF - MEI,17744098881.53,374794265.4,159702,111107.55583230015
2023-03-01,PF - Outros,185723902435.04,5203740086.73,1993167,93180.30171834072
2023-03-01,PF - Servidor ou empregado público,154624746115.53,1317990794.3,1182890,130717.77267161781
2023-04-01,PF - Aposentado/pensionista,22916886787.23,308000526.22,247340,92653.37910257136
2023-04-01,PF - Autônomo,58513447964.12,1458725625.99,414206,141266.5387853387
2023-04-01,PF - Empregado de empresa privada,352541963977.34,5195486979.74,2981299,118251.1260954839
2023-04-01,PF - Empregado de entidades sem fins lucrativos,1030198515.29,12935073.92,8388,122818.13487005245
2023-04-01,PF - Empresário,162642419989.76,2487754752.1,734088,221557.1157541875
2023-04-01,PF - MEI,18028188734.24,429177736.9,161222,111822.13800994902
2023-04-01,PF - Outros,187249948010.26,5802851490.9800005,1996469,93790.56124100099
2023-04-01,PF - Servidor ou empregado público,155557575658.01,1482861391.2,1185403,131227.58729141904
2023-05-01,PF - Aposentado/pensionista,22899893677.98,314286608.46,246569,92874.17995765891
2023-05-01,PF - Autônomo,59122054395.46,1488793714.3,416993,141781.886975225
2023-05-01,PF - Empregado de empresa privada,356299949956.31,5364863761.87,2996795,118893.66805414118
2023-05-01,PF - Empregado de entidades sem fins lucrativos,1034333397.84,14302970.6,8373,123531.99544249373
2023-05-01,PF - Empresário,164254851416.2,2541785111.0,735634,223283.38741303422
2023-05-01,PF - MEI,18330521776.99,448794153.03000003,162976,112473.74936794376
2023-05-01,PF - Outros,189089537098.85,5861884286.01,2004506,94332.23801717232
2023-05-01,PF - Servidor ou empregado público,156434078858.16998,1541094880.7,1187424,131742.39265685214
2023-06-01,PF - Aposentado/pensionista,22842355714.0,281272671.9,245271,93131.09056513
2023-06-01,PF - Autônomo,59835819186.28,1388330279.36,419769,142544.63570744861
2023-06-01,PF - Empregado de empresa privada,358891915494.97,4938685608.2,3006798,119360.16835682675
2023-06-01,PF - Empregado de entidades sem fins lucrativos,1044412612.59,11737766.09,8441,123730.91015164081
2023-06-01,PF - Empresário,165894376519.83002,2354893203.63,737436,224961.04952813534
2023-06-01,PF - MEI,18681983154.57,422223142.14,164877,113308.6067466657
2023-06-01,PF - Outros,191736109268.13,5511765215.72,2019901,94923.51816654876
2023-06-01,PF - Servidor ou empregado público,157210855515.29,1416507458.87,1188408,132286.9380846393
2023-07-01,PF - Aposentado/pensionista,22854969947.89,285677713.28000003,245004,93284.06861883888
2023-07-01,PF - Autônomo,60590972005.1,1477008785.88,422273,143487.67741508456
2023-07-01,PF - Empregado de empresa privada,363171333725.31,5374046679.36,3030026,119857.4975017739
2023-07-01,PF - Empregado de entidades sem fins lucrativos,1053354939.6,14402842.44,8475,124289.66838938053
2023-07-01,PF - Empresário,167736400659.42,2535497503.03,739671,226771.63314422226
2023-07-01,PF - MEI,19046014121.81,439928601.63,167000,114047.9887533533
2023-07-01,PF - Outros,192763914161.36002,5776885818.28,2018414,95502.66405274638
2023-07-01,PF - Servidor ou empregado público,158186091728.85,1516362973.35,1191124,132804.05040016826
2023-08-01,PF - Aposentado/pensionista,22797032424.03,276189615.69,241606,94356.23463005885
2023-08-01,PF - Autônomo,61167455378.12,1419515521.09,422511,144771.27312216724
2023-08-01,PF - Empregado de empresa privada,366496008949.74,5305551738.39,3038668,120610.74423061025
2023-08-01,PF - Empregado de entidades sem fins lucrativos,1062603492.15,13838058.49,8510,124865.27522326674
2023-08-01,PF - Empresário,169231271751.57,2403723379.79,739549,228830.37060636957
2023-08-01,PF - MEI,19349763141.05,432356810.73,168091,115114.80769969837
2023-08-01,PF - Outros,195206660822.38,5735788125.78,2014326,96909.17002629167
2023-08-01,PF - Servidor ou empregado público,159037227756.05,1487596151.75,1190391,133600.83179060492
2023-09-01,PF - Aposentado/pensionista,22918697355.42,277762637.96,244331,93801.83994425595
2023-09-01,PF - Autônomo,61763454738.04,1340845298.03,425125,145283.04554669803
2023-09-01,PF - Empregado de empresa privada,372137050166.77,5052428719.17,3078819,120870.0641923965
2023-09-01,PF - Empregado de entidades sem fins lucrativos,1080536894.03,13504343.34,8642,125033.19764290673
2023-09-01,PF - Empresário,171129568742.18,2307195408.17,743790,230077.80252783714
2023-09-01,PF - MEI,19750148687.41,412997625.57,170938,115539.83717728066
2023-09-01,PF - Outros,195794806039.55,5458930956.2300005,2022919,96788.25797748203
2023-09-01,PF - Servidor ou empregado público,160419739543.28,1417385246.48,1199225,133769.50909402323
2023-10-01,PF - Aposentado/pensionista,22822345624.69,265880482.9,242882,93964.74676876013
2023-10-01,PF - Autônomo,62320233069.87,1267778969.79,426976,145957.22726773872
2023-10-01,PF - Empregado de empresa privada,374771934911.51,4740547546.67,3084314,121509.00813325428
2023-10-01,PF - Empregado de entidades sem fins lucrativos,1092077039.02,13917561.96,8650,126251.6808115607
2023-10-01,PF - Empresário,172635239920.31,2229303935.36,745614,231534.3326712079
2023-10-01,PF - MEI,19988427601.87,376783985.23,171851,116312.54750842298
2023-10-01,PF - Outros,199485790818.48,5284917673.69,2050979,97263.6925187825
2023-10-01,PF - Servidor ou empregado público,161287451210.99,1317622640.83,1200472,134353.36368610847
2023-11-01,PF - Aposentado/pensionista,22824259358.32,252740030.0,242520,94112.89525944252
2023-11-01,PF - Autônomo,62742633396.19,1212407756.43,428004,146593.5678082214
2023-11-01,PF - Empregado de empresa privada,378540443603.7,4537088183.59,3103521,121971.28474519748
2023-11-01,PF - Empregado de entidades sem fins lucrativos,1114793337.28,13205919.66,8799,126695.458265712
2023-11-01,PF - Empresário,174155686535.66998,2217943740.42,747529,232975.15753324618
2023-11-01,PF - MEI,20281936215.27,366056790.44,173325,117016.79628022501
2023-11-01,PF - Outros,201320158376.31,5059545191.73,2059051,97773.27437557884
2023-11-01,PF - Servidor ou empregado público,162430843613.11002,1285895273.02,1204159,134891.52480121813
2023-12-01,PF - Aposentado/pensionista,22732145660.21,238465721.4,241289,94211.2804985308
2023-12-01,PF - Autônomo,63261416035.48,1194170649.29,429530,147280.55324536122
2023-12-01,PF - Empregado de empresa privada,381295441699.6,4140851120.7,3110645,122577.61387094959
2023-12-01,PF - Empregado de entidades sem fins lucrativos,1106459509.33,11760316.68,8744,126539.28514752972
2023-12-01,PF - Empresário,175635133814.66,2139090007.96,749554,234319.52042769434
2023-12-01,PF - MEI,20489259962.2,353254726.59,174082,117698.90030100757
2023-12-01,PF - Outros,204891652929.21,4776727018.21,2085892,98227.35449832014
2023-12-01,PF - Servidor ou empregado público,163113643122.36,1176565140.3799999,1205875,135265.79713681765
